{"type": "FeatureCollection", "name": "parks", "features": [{"type": "Feature", "id": "sample-prk-01", "properties": {"name": "Monongahela National Forest", "acres": 203219, "managed_by": "U.S. Forest Service"}, "geometry": {"type": "MultiPolygon", "coordinates": [[[[-79.45005898225341, 38.910694034163186], [-79.45005683424975, 38.91069632544795], [-79.45005742751466, 38.91069286987017], [-79.45005898225341, 38.910694034163186]]], [[[-79.45181037461704, 38.91457002881442], [-79.45896567409088, 38.918316025322056], [-79.4598830264725, 38.92150194631892], [-79.46127294659249, 38.92300863680542], [-79.46149081589665, 38.92412874710803], [-79.46762485940631, 38.92269393622642], [-79.46879742855006, 38.91731471467004], [-79.46978915784395, 38.91666307504368], [-79.47412269994481, 38.917464335301936], [-79.4736155587461, 38.919320665466174], [-79.4754602994877, 38.92027682492672], [-79.47675029011717, 38.92047872589142], [-79.47920568133439, 38.92208386568182], [-79.48189078254956, 38.92268966534482], [-79.48535598345238, 38.92160374533581], [-79.48577309369668, 38.92191284493846], [-79.48697674365094, 38.921803875024445], [-79.48914733568543, 38.92012640508113], [-79.4910080556593, 38.92111810392762], [-79.4912516060008, 38.92315726490325], [-79.49264629527664, 38.923160164554936], [-79.49624673754549, 38.924109184333716], [-79.49649698752239, 38.92714146667835], [-79.49934568812048, 38.92841488644364], [-79.50130571864563, 38.930523546531354], [-79.50230755937635, 38.931065975994215], [-79.50348829061276, 38.930571715986844], [-79.50350798797199, 38.92801501531125], [-79.50594360996477, 38.930318316374034], [-79.50569634059796, 38.9318966067229], [-79.50595647114469, 38.933438357079886], [-79.50461744058555, 38.93624152730612], [-79.50220715916863, 38.93509119744606], [-79.50167769932668, 38.93534168714201], [-79.49580679841488, 38.93184688684437], [-79.49543803729581, 38.92842306622334], [-79.494726825814, 38.926489866281614], [-79.49417212690585, 38.92618232548691], [-79.49027931624967, 38.926555786376206], [-79.48779635483805, 38.92747655567231], [-79.48572360371105, 38.929999086373854], [-79.48532655464368, 38.93107898698283], [-79.48627957463366, 38.9312375973037], [-79.48657827524542, 38.93185072741639], [-79.4879385150284, 38.93149384682271], [-79.49112284597956, 38.93253695729311], [-79.49151427608483, 38.933063376937234], [-79.49165449681247, 38.93488961827141], [-79.49383877647695, 38.93481866782774], [-79.49427865631876, 38.93527528747771], [-79.49445105649652, 38.936702327477114], [-79.49599435766305, 38.93714819813262], [-79.49592048829894, 38.93830967710788], [-79.49714470877487, 38.93943854810168], [-79.49732803785636, 38.940743388015925], [-79.49678081832126, 38.94083667783529], [-79.49664320809784, 38.94126669761239], [-79.49186385637597, 38.940353268418164], [-79.49028223667266, 38.9406247685317], [-79.48987049655713, 38.94091172924445], [-79.48939958621047, 38.94389724989873], [-79.49173602700934, 38.94528905895173], [-79.48994246688275, 38.94576936970862], [-79.48935662607863, 38.94662354035244], [-79.4890866967088, 38.948458400781085], [-79.48847387680176, 38.94822251972252], [-79.48544935613964, 38.94925721023967], [-79.48360647491069, 38.94918364036267], [-79.48368469481575, 38.947916520738374], [-79.48270271314101, 38.946378140358654], [-79.48146623515301, 38.94620542037941], [-79.48085134373092, 38.94661899075362], [-79.47905155288952, 38.94605025995367], [-79.47780344261692, 38.94493556953493], [-79.4772964819796, 38.941741089712906], [-79.4763177126803, 38.94125078888206], [-79.47365271216793, 38.94229418973061], [-79.47353941215273, 38.94070254931399], [-79.47268804013041, 38.94043299889769], [-79.4713733206778, 38.93818879944426], [-79.4697307098583, 38.93846497954674], [-79.46647142886972, 38.936984248655335], [-79.46390175847361, 38.937461299460054], [-79.45964336583617, 38.93628605867788], [-79.45312813391376, 38.930430918192876], [-79.45039682244153, 38.930427718191595], [-79.45290483698867, 38.93040657940461], [-79.45564498426948, 38.92952451159607], [-79.45614273537852, 38.929032563730985], [-79.45674876941192, 38.92509168851371], [-79.45584261703607, 38.919888951647316], [-79.45636980432951, 38.91938770559657], [-79.4548399347731, 38.91707682609927], [-79.45181037461704, 38.91457002881442]], [[-79.47804256156913, 38.927176796546675], [-79.48017577200972, 38.92813766647701], [-79.47938647177689, 38.927517707382584], [-79.48047129258535, 38.92536298568239], [-79.4801951316024, 38.924855245406135], [-79.47876654260268, 38.9255884564616], [-79.47804256156913, 38.927176796546675]]], [[[-79.44891148868251, 38.930531846262696], [-79.45654852595192, 38.93789170863938], [-79.45394744596192, 38.94168558034514], [-79.44816698473798, 38.94861009283274], [-79.44978644507431, 38.94922096150375], [-79.44989052388311, 38.950026702409616], [-79.45187819556956, 38.95290963258969], [-79.44995754628816, 38.952727563251266], [-79.44891312451465, 38.95198655280981], [-79.44822519467006, 38.952088282925345], [-79.44732467492025, 38.95562494365451], [-79.44973690568132, 38.95999454452045], [-79.44693662337875, 38.960312683914], [-79.44151946241527, 38.959982404998485], [-79.43744745133465, 38.96076124412461], [-79.4362790018648, 38.96189523452778], [-79.43472514100209, 38.96072197463099], [-79.43045232950601, 38.96195479472141], [-79.42979316910673, 38.96088733468298], [-79.43014328120051, 38.95937896426739], [-79.42964475843864, 38.95816224459329], [-79.43024040974396, 38.95644034468048], [-79.43028062911587, 38.95515353442302], [-79.4297532479755, 38.95457850393564], [-79.43012724896762, 38.95318490307655], [-79.41559918484809, 38.953196153767415], [-79.41459409311436, 38.9539258646629], [-79.41653594533142, 38.95562918461051], [-79.4168239452115, 38.95697291499448], [-79.40608449346337, 38.96629557745423], [-79.40285699037798, 38.96379648681203], [-79.40155277941757, 38.961693007218564], [-79.40072871079, 38.96122353619151], [-79.39779124945534, 38.96399235686404], [-79.39672487016135, 38.96425906710171], [-79.39641744421324, 38.96599149554189], [-79.39650144837039, 38.965648142767165], [-79.39710676914144, 38.96742312763157], [-79.3979376200494, 38.96806692819229], [-79.3978677185439, 38.968920487177456], [-79.39926563097495, 38.97072453822936], [-79.39826767994943, 38.97194729842448], [-79.39911518367659, 38.97244699176835], [-79.39510512146579, 38.97079739012715], [-79.38432873458646, 38.96856800263148], [-79.38141671623558, 38.96730674521158], [-79.37967304225167, 38.96601005355598], [-79.37713541296512, 38.96572545606199], [-79.36516882121639, 38.96712162503273], [-79.36209302831111, 38.966655454538476], [-79.35916981785012, 38.964683092306196], [-79.35747075599984, 38.96431789679973], [-79.3493683464975, 38.95863600112858], [-79.34978597147644, 38.95727061041255], [-79.35435359657404, 38.95359054157282], [-79.35487398702489, 38.95263991970777], [-79.35512258230503, 38.947688980312854], [-79.35637539435983, 38.94573083667597], [-79.35664039557201, 38.943384573372214], [-79.35811144164698, 38.94110018153991], [-79.35847614597425, 38.9394139119552], [-79.35914550943853, 38.93864497955567], [-79.36121591147106, 38.937790941969716], [-79.36161183854266, 38.937242677047884], [-79.36126480407704, 38.935666151238394], [-79.36345401639073, 38.93297265679805], [-79.36581740844478, 38.93186818398766], [-79.36636892911346, 38.931217303448314], [-79.36786321190989, 38.92454742916067], [-79.37291283525973, 38.92327077335276], [-79.37487124252917, 38.92081845212461], [-79.38409580143329, 38.922744380274125], [-79.38955666363871, 38.92337083521767], [-79.39553819297608, 38.92250860866091], [-79.40306573190054, 38.92309721853508], [-79.41442598418871, 38.92277975566303], [-79.41579718611312, 38.92304763366268], [-79.42108588170277, 38.92691071688566], [-79.42530141122644, 38.92919790966403], [-79.43230453345099, 38.93000059161547], [-79.43451473310468, 38.93107978361668], [-79.43853253894274, 38.93092368164624], [-79.44252985151424, 38.932472663245974], [-79.44347163807159, 38.93241962802032], [-79.44571623062424, 38.931163848702276], [-79.44891148868251, 38.930531846262696]]], [[[-79.84895422318172, 38.59870426566995], [-79.8506143942684, 38.5999309962867], [-79.8566718564001, 38.6022712464977], [-79.86435375822975, 38.608135316827166], [-79.86836468027778, 38.61434502833373], [-79.86925357133626, 38.616529888166525], [-79.86639534051135, 38.62131341970463], [-79.86636734002394, 38.622174110194564], [-79.8677524811066, 38.62548129023239], [-79.86941122117706, 38.62739297046626], [-79.87283286277176, 38.63012560189459], [-79.87925726513745, 38.632211121124804], [-79.88044727597074, 38.632973701951386], [-79.88101786248302, 38.63422158794145], [-79.88048399101473, 38.634796551428714], [-79.87713227518005, 38.633420392556566], [-79.87328370385666, 38.633718852318445], [-79.87098918294053, 38.6349303522096], [-79.86739815142258, 38.63493209245031], [-79.86572246193934, 38.635777113274884], [-79.86334292087146, 38.638273473219925], [-79.86135302046478, 38.639521973526676], [-79.86052493996115, 38.64055330424467], [-79.86039230011619, 38.64145730444782], [-79.86182341158522, 38.644572064749894], [-79.86418797144913, 38.64710362448208], [-79.86451336100795, 38.64906830576824], [-79.8639324429716, 38.649404745726784], [-79.86097889011525, 38.649256666260555], [-79.85908354996866, 38.65005682520998], [-79.85868416977311, 38.65112529599321], [-79.85936220018326, 38.653426036223664], [-79.85782909130194, 38.654681797009175], [-79.85744842930197, 38.655466406752474], [-79.85807815011277, 38.65660916827807], [-79.86074683012454, 38.65785565784691], [-79.86159545869198, 38.65867706741593], [-79.86198751222807, 38.66060439781875], [-79.86146479244569, 38.661560048101954], [-79.86013034149786, 38.6620022185856], [-79.85770975101475, 38.66149519558419], [-79.85709036801624, 38.66150275230316], [-79.85643290812779, 38.661570219816475], [-79.85709037430446, 38.661502840685806], [-79.84548533738958, 38.66348669909378], [-79.84379955623247, 38.665130789488465], [-79.8440967270133, 38.668843729869614], [-79.8431152654631, 38.669225041355936], [-79.8400848446662, 38.66927806031211], [-79.83899885604787, 38.670137540839065], [-79.83805766507356, 38.676054642302475], [-79.83866803527482, 38.67720496207102], [-79.84110855667915, 38.67849677264593], [-79.84086105644533, 38.67942322291095], [-79.83479925634911, 38.6792005027779], [-79.83260729339403, 38.679813612794824], [-79.83189466347238, 38.68044848269924], [-79.82939634356435, 38.67963513294279], [-79.8292810241364, 38.6799262234091], [-79.83133038403173, 38.68047872400951], [-79.83172126616468, 38.6810158333295], [-79.83177835949085, 38.68073258319038], [-79.83189305458971, 38.68167392365489], [-79.8341623337447, 38.68431074454472], [-79.83785838640419, 38.6846334937569], [-79.8384432749941, 38.68508315450944], [-79.83847680371376, 38.685724433729405], [-79.83778234671034, 38.686263033711946], [-79.83346738446448, 38.68703021479248], [-79.83150450448325, 38.689324144379455], [-79.82996048466448, 38.69031051510758], [-79.82355491188545, 38.69202221567551], [-79.82315471242639, 38.692552655995854], [-79.82318340102329, 38.6935537453267], [-79.82389865222892, 38.694965626683654], [-79.82526210259074, 38.696160796084705], [-79.83022935312395, 38.6977738067021], [-79.833595866008, 38.701463747238684], [-79.83710505830861, 38.70342780706219], [-79.83744871331213, 38.70467608646789], [-79.83710624767805, 38.70661035777117], [-79.83614337676266, 38.70707379740495], [-79.8351613465789, 38.70702915890832], [-79.82979226434773, 38.702995937717574], [-79.82778032377557, 38.70220435812618], [-79.82518704745044, 38.70189831437862], [-79.82332794264747, 38.70221241810854], [-79.82105894197022, 38.70327347877709], [-79.820544377094, 38.70519326916445], [-79.82084030819973, 38.707950045351964], [-79.81922907822803, 38.70977300839826], [-79.81735084829265, 38.71093109181807], [-79.81613983035643, 38.71119275961783], [-79.81474775877135, 38.710908969346846], [-79.81229709987905, 38.70890686997173], [-79.81029486919678, 38.708212039509235], [-79.80836876893822, 38.70901140992731], [-79.80676679790214, 38.71089404999319], [-79.80640431780354, 38.712948450869206], [-79.80760570849485, 38.714748991347534], [-79.81187766928636, 38.715787451328715], [-79.81311733898856, 38.71695284098814], [-79.81387081081459, 38.71979922174974], [-79.8125642804041, 38.72278756192053], [-79.81245946677338, 38.7239007770909], [-79.81385190217617, 38.72481212305926], [-79.81774298357543, 38.72551417252469], [-79.81885893190679, 38.726425482497355], [-79.82028046374162, 38.73037740386472], [-79.82005186226475, 38.732394533572354], [-79.8181919534696, 38.7335078646453], [-79.8138043732128, 38.733291373672515], [-79.80858704967078, 38.73417295446765], [-79.80536311020212, 38.73367232486097], [-79.80415165927795, 38.73419522600237], [-79.80372636717804, 38.73552883491783], [-79.80470445824929, 38.73911094500692], [-79.80411270024238, 38.742241186988764], [-79.80559115113027, 38.743279697251], [-79.8090444511522, 38.7436309067553], [-79.80940691058956, 38.74412399703766], [-79.80901579130139, 38.74499807768758], [-79.80626826975039, 38.74557321654579], [-79.80402649970436, 38.744908187344144], [-79.80322521953892, 38.744131246557416], [-79.8025102989133, 38.74071703646051], [-79.80157550933372, 38.73992511575792], [-79.7996582871251, 38.739633516950434], [-79.7979696385456, 38.74042530705742], [-79.79588969191316, 38.74233757648416], [-79.795002559756, 38.74215058761096], [-79.79573696034856, 38.74259160145311], [-79.79480135779362, 38.74603541775249], [-79.79431470716655, 38.74646113835868], [-79.78954434668236, 38.74758838838788], [-79.78707296814802, 38.74926886274078], [-79.78497436530377, 38.74865585846054], [-79.78300884337727, 38.74927550853082], [-79.78227863252721, 38.750527149314244], [-79.78232381329443, 38.7519333798115], [-79.78472500376068, 38.754887010052194], [-79.78494977482117, 38.75656544011226], [-79.78105162368064, 38.761111651084434], [-79.77875918236438, 38.76123194112587], [-79.77988421356159, 38.76410925221565], [-79.78087208369301, 38.76490353200177], [-79.77911398276561, 38.76743539324464], [-79.77866638190393, 38.76871032251315], [-79.77640453181638, 38.7690471531615], [-79.77485135277497, 38.76832802367687], [-79.7731853821648, 38.76814837377509], [-79.77145594108823, 38.768986293696166], [-79.76956014280084, 38.77161515353687], [-79.76917039164682, 38.77286204423038], [-79.76923000025583, 38.77472561439425], [-79.77003324234185, 38.77711037528598], [-79.76943873099862, 38.77753793514448], [-79.7669165904642, 38.77774985549054], [-79.7657098700683, 38.778581324900436], [-79.76412044131024, 38.78489472634987], [-79.76116659919637, 38.78638583662926], [-79.75951221775169, 38.789801907163], [-79.75630892785645, 38.79352210895297], [-79.75354112683793, 38.79527227922545], [-79.75373560760536, 38.7954858089863], [-79.74869456586146, 38.797800759789986], [-79.74730464663978, 38.79973832995967], [-79.74572640550028, 38.80008141078886], [-79.74376525477594, 38.802250070941206], [-79.74204275318496, 38.80324946087712], [-79.74006165357312, 38.80133668073249], [-79.74067815477619, 38.800527450292066], [-79.73692903234468, 38.80121673065461], [-79.73583330329372, 38.80162742116309], [-79.73405227286868, 38.803417962146526], [-79.73306245069816, 38.80546927227384], [-79.73088009073345, 38.80600700192764], [-79.72455351849545, 38.80051270157826], [-79.72111638814862, 38.79851531024545], [-79.72025793650354, 38.79703151088828], [-79.72023851852035, 38.79625589162088], [-79.72135154912368, 38.792340269290136], [-79.72634198876764, 38.78723013834816], [-79.72742697845938, 38.784970048280634], [-79.72922663096024, 38.78300805779556], [-79.73039681867014, 38.78006931717439], [-79.73174841037189, 38.77796571653823], [-79.7354900606169, 38.774265136224976], [-79.73918557249058, 38.772898745067415], [-79.74026135265404, 38.771958574927275], [-79.74043245296959, 38.771541400337746], [-79.74137254171104, 38.76760279338203], [-79.74213346146908, 38.7662003534156], [-79.74617814220551, 38.7616118326505], [-79.74762359348142, 38.75884428243025], [-79.75030210285902, 38.75677529179434], [-79.75092238417281, 38.75560107148766], [-79.75081961420935, 38.75454367041486], [-79.74907285451242, 38.753488091214514], [-79.74710612165694, 38.755945941586795], [-79.73785770080391, 38.76526235388935], [-79.7388931645774, 38.765669717876044], [-79.7372605403289, 38.767179004530256], [-79.73604021943962, 38.76902654402999], [-79.73532844022256, 38.768763384683695], [-79.72883183756254, 38.777205047444696], [-79.72166362744665, 38.77358639674744], [-79.72256539675304, 38.77242550571511], [-79.71423225317334, 38.7682827349525], [-79.70997682228135, 38.768564415348784], [-79.7100255424108, 38.76903587539722], [-79.70444500933817, 38.76868312603426], [-79.70396291047464, 38.773142757564244], [-79.70488878966493, 38.772763704131336], [-79.70526266219798, 38.77756163859486], [-79.70501261344371, 38.77870636713926], [-79.70335094127216, 38.776873817945585], [-79.70426208000697, 38.77972812814448], [-79.7039253564042, 38.781300797587356], [-79.70415377103147, 38.78471273875274], [-79.69939347976332, 38.78526200876569], [-79.69619332948001, 38.785195278347075], [-79.69011200629772, 38.78646970952258], [-79.71243324566285, 38.810465793715906], [-79.70234460088018, 38.814986355791866], [-79.70747816460678, 38.819612776248604], [-79.70600599384107, 38.8220379664845], [-79.70654249467822, 38.82330330690764], [-79.70502844445396, 38.82592283667292], [-79.70508487482347, 38.82915107758353], [-79.70441741399095, 38.82991322733327], [-79.70453416533348, 38.83087614811414], [-79.70117223295908, 38.82956502837136], [-79.69954452249519, 38.82966933778186], [-79.69896195335534, 38.82911929804417], [-79.69732772291911, 38.82888845787999], [-79.69630800032434, 38.82932800829308], [-79.69587888229964, 38.830300838368096], [-79.69697448289152, 38.835272589246145], [-79.69437118136781, 38.8356738692203], [-79.69215733994395, 38.83435715935031], [-79.69142943147597, 38.83476649930302], [-79.69045331041013, 38.8368140601062], [-79.68793200081738, 38.83736935058904], [-79.68728706973219, 38.838727070757265], [-79.6838191505273, 38.83798787026931], [-79.68349543363152, 38.83874313820953], [-79.68411216929488, 38.83977771132551], [-79.69259937214919, 38.84787209219873], [-79.68204358994404, 38.86475088553468], [-79.67482278795985, 38.8651524168229], [-79.67256554802631, 38.870510637301514], [-79.6639089741134, 38.871689948165034], [-79.66396659385235, 38.87400157831547], [-79.66730326739759, 38.877417279032024], [-79.66605176598479, 38.880657968892535], [-79.65804104303191, 38.88730426137208], [-79.65222637126702, 38.88796471225047], [-79.65244448042137, 38.89267281537549], [-79.65084964290696, 38.893508173067744], [-79.64979294206186, 38.89364383320881], [-79.64793750508015, 38.89285537239793], [-79.64788646999224, 38.892102802520775], [-79.6465049922393, 38.89054070224409], [-79.64379325597595, 38.8916566550722], [-79.64379088891519, 38.892083583308214], [-79.64442415357978, 38.892270436931454], [-79.64486075007923, 38.89358220271932], [-79.64624630079368, 38.89434121229734], [-79.64646356193839, 38.89486907312871], [-79.64539641099158, 38.895456574057796], [-79.64584719099105, 38.89572816350085], [-79.64568051218333, 38.89611406376209], [-79.64663986349942, 38.89648697326192], [-79.64798620275171, 38.89802262412159], [-79.64896331286266, 38.8979709341345], [-79.64885326295216, 38.89944098380463], [-79.64832252121431, 38.90029034395849], [-79.64652115113462, 38.9000707128371], [-79.64568649047153, 38.899037304897064], [-79.64246311963645, 38.89764050324644], [-79.64022491949537, 38.89812287469407], [-79.63935242987735, 38.89920026473312], [-79.63888584851205, 38.900972604101206], [-79.63923191908535, 38.90454588581091], [-79.63810912828644, 38.90535523531629], [-79.63588243915741, 38.90515472579037], [-79.63485692781896, 38.90557869627979], [-79.63413816959046, 38.90689986718847], [-79.63747559053401, 38.91009168654805], [-79.63838271110454, 38.911728107036105], [-79.63651951896702, 38.9127140762607], [-79.6349208411548, 38.911845137111804], [-79.63300007868564, 38.90951361687422], [-79.63204831723537, 38.90932271658258], [-79.63067153767138, 38.90985436722579], [-79.62953985714442, 38.911729167407294], [-79.63679915014193, 38.91561950818876], [-79.6364790408803, 38.91594142675609], [-79.63916380073566, 38.91765633758158], [-79.63685235915283, 38.920118938630374], [-79.63570548811443, 38.919646178533945], [-79.63323433865048, 38.92118222934833], [-79.63307376928503, 38.92239718866472], [-79.63424294100035, 38.92502538897472], [-79.63463837938842, 38.92715813052604], [-79.63362318070944, 38.92834481074562], [-79.63440511026533, 38.92938679001805], [-79.63442595926477, 38.93041788053064], [-79.63331220012773, 38.933222400691314], [-79.63042705847185, 38.93341722112717], [-79.62496531771407, 38.93279836334157], [-79.62343522627378, 38.93515719130238], [-79.62027940695144, 38.937766563084274], [-79.6200641256936, 38.93839127269841], [-79.62128163665268, 38.93901622275956], [-79.62138577475031, 38.94012751198494], [-79.61977466515286, 38.941731534338025], [-79.61774141654216, 38.9426557139498], [-79.61742792516925, 38.943820724648624], [-79.61537458394059, 38.943452994409064], [-79.6155387654318, 38.94288941407051], [-79.60838575301389, 38.943443034030636], [-79.60748624297044, 38.94312765416125], [-79.60583885311361, 38.94387087490061], [-79.6045955326581, 38.946168945116675], [-79.60568804214708, 38.946146675551056], [-79.60502450156245, 38.94830488497569], [-79.60587411288684, 38.9488615359034], [-79.61030031351432, 38.94878712656461], [-79.61033463454805, 38.95294255626482], [-79.60965997371854, 38.95438554605304], [-79.60782456287949, 38.95660532702931], [-79.61501997667712, 38.95798725723983], [-79.61376271526672, 38.96095557816863], [-79.6258544297581, 38.963256287947296], [-79.62756077874198, 38.961119676872904], [-79.62821378029167, 38.961390557509866], [-79.62962621848091, 38.95228900563255], [-79.64849037591674, 38.938905051584506], [-79.64785598566307, 38.93797625196948], [-79.64843097392024, 38.93705459112246], [-79.64735458290241, 38.93589522139273], [-79.64746835543146, 38.93529930106936], [-79.64679312507005, 38.934536451545654], [-79.64558290214286, 38.93148664082217], [-79.6457643636269, 38.930819140617594], [-79.6479181643521, 38.930454180110004], [-79.64885257394434, 38.93130346057635], [-79.65017528301307, 38.928451459590704], [-79.64961581494907, 38.92757832025966], [-79.6476802940581, 38.92625746019352], [-79.65502234524948, 38.92281026890489], [-79.65540378519047, 38.92162565848517], [-79.65690838603625, 38.920006117759016], [-79.66361253815448, 38.91558606603224], [-79.66449574736878, 38.91600309655063], [-79.66510884844851, 38.91721450727255], [-79.66656303853549, 38.917718876756666], [-79.66578327032616, 38.91649952693881], [-79.66535895828822, 38.91448775649427], [-79.66706661881241, 38.913368626337196], [-79.66308506538594, 38.901431683586736], [-79.66431232755744, 38.902477754131546], [-79.66583581817702, 38.90213985420132], [-79.66871826848032, 38.89702158229584], [-79.67597579000007, 38.89732769249611], [-79.67716794062035, 38.89867545280082], [-79.67905778936563, 38.89977499204966], [-79.68447658346629, 38.901168852562336], [-79.68453232303136, 38.90172320362928], [-79.68657123551993, 38.902754743685044], [-79.68938268477982, 38.90591232403059], [-79.68921012560025, 38.90767816332411], [-79.6906386059038, 38.909946774979936], [-79.68869893569455, 38.91138244475042], [-79.68763503575076, 38.913215225387255], [-79.68676636487099, 38.9131742058758], [-79.68722529528503, 38.913744795391246], [-79.68452220440801, 38.91545694600199], [-79.68492459485806, 38.917730265872684], [-79.68773308506738, 38.91735246565658], [-79.68993609460554, 38.92238702614591], [-79.69183473695912, 38.92278784663547], [-79.6928534372711, 38.92593407750785], [-79.70479359968586, 38.92187935612644], [-79.70405463116009, 38.91894096636147], [-79.70818896106694, 38.91668642464963], [-79.7068389998074, 38.91573019514198], [-79.70675958065146, 38.91507818519551], [-79.71139406286407, 38.91249096418432], [-79.71137932240859, 38.9106112736271], [-79.7124298221833, 38.910379973780685], [-79.7203099848911, 38.91275398395751], [-79.7253836462596, 38.912170302822595], [-79.7303676979836, 38.91243229347977], [-79.73075631905697, 38.913356524264415], [-79.73039416864005, 38.914613143724274], [-79.73068059916335, 38.91629618390697], [-79.72837400758473, 38.91891286483151], [-79.7285862992493, 38.91959586437843], [-79.7265033576337, 38.92318488532099], [-79.72952293935839, 38.93004016673957], [-79.73089668980326, 38.93171312705388], [-79.73195011000098, 38.93149476644027], [-79.73371426108179, 38.93025236693182], [-79.73694125033084, 38.92392551539415], [-79.73876908208385, 38.92493647629523], [-79.73964721132522, 38.926162434819354], [-79.74087328233063, 38.92660158594488], [-79.74159401236118, 38.92572820580198], [-79.74364392202547, 38.92468282662524], [-79.74344595309978, 38.923937014634674], [-79.7442685026762, 38.92323966416531], [-79.74350236190973, 38.92152113450515], [-79.74404767342318, 38.92053650512962], [-79.74408188396414, 38.919504484012755], [-79.74589094272434, 38.91939766376233], [-79.74611400429085, 38.918664403405565], [-79.74572581261216, 38.91691774378396], [-79.74826409407561, 38.917290743915444], [-79.74963307446633, 38.916998213528416], [-79.75049554517399, 38.91642405339389], [-79.75248135644948, 38.913804313562565], [-79.75592871501415, 38.91241324263301], [-79.76228886807408, 38.91129588247622], [-79.76494771872001, 38.91140210120395], [-79.76847175029081, 38.91315445345403], [-79.77045847155968, 38.91332909223944], [-79.77381339078666, 38.91564950169242], [-79.77586779292568, 38.91624773146973], [-79.7770539913089, 38.915683441473774], [-79.77771776186222, 38.91587330279102], [-79.77901030280879, 38.916623011583596], [-79.7791953845034, 38.91794056265424], [-79.7788867548128, 38.92114526316663], [-79.77822129452844, 38.922282712954], [-79.7746945626219, 38.92257512371191], [-79.77176343261337, 38.92149417319755], [-79.76803926088884, 38.9214205137097], [-79.76613595897388, 38.92272349413083], [-79.76299492861604, 38.92690746517055], [-79.7628193789449, 38.92771659533184], [-79.76329988868869, 38.928613776070364], [-79.76629759104632, 38.930717975362796], [-79.7688528722282, 38.93106029543457], [-79.77348636180243, 38.930034875336034], [-79.771695762523, 38.932926316291784], [-79.77118311195665, 38.933130346083], [-79.77059045114291, 38.93183157556613], [-79.76662212091742, 38.93143365517269], [-79.7613446884048, 38.9288141361639], [-79.75493638744227, 38.928666505260935], [-79.75491005602467, 38.929546865348776], [-79.7539591174312, 38.92955836577449], [-79.75324985709021, 38.930652755845415], [-79.75426897691541, 38.9307411155937], [-79.7574683977667, 38.92996606608921], [-79.75734423711972, 38.9308212461146], [-79.75629181764525, 38.931378106290154], [-79.75612991607822, 38.93223314700265], [-79.75494241693445, 38.93206713590719], [-79.7512181652599, 38.92991794583814], [-79.74905333501962, 38.93445255676432], [-79.7472613945555, 38.93590692692162], [-79.74812321488288, 38.936474667908016], [-79.75043300626054, 38.9369942469745], [-79.75323066727911, 38.93586658713986], [-79.75663814783168, 38.93538132706561], [-79.7603238105766, 38.935781536793264], [-79.76518557913252, 38.93735296622456], [-79.7658461615649, 38.93717208601533], [-79.76915894351686, 38.940838977973684], [-79.76851914271025, 38.94102655708296], [-79.7649747598067, 38.939646527172684], [-79.7626210497948, 38.93979933785833], [-79.75975181909922, 38.94194697782438], [-79.76228681991523, 38.943132928518274], [-79.76348524257286, 38.94445057832896], [-79.76173129006544, 38.94623806770781], [-79.76308400106804, 38.94770579862221], [-79.7644436919804, 38.94848611823678], [-79.77083434464086, 38.95034655972904], [-79.77035552193318, 38.95207412869897], [-79.76605195212177, 38.95287058927846], [-79.76517534193154, 38.95241753957029], [-79.76296037042707, 38.95372801006449], [-79.76686770145147, 38.95740035985999], [-79.76127410238304, 38.96340767242577], [-79.76241655101532, 38.96385230226049], [-79.7587735007542, 38.96805558347811], [-79.75998784155865, 38.968319603413995], [-79.75656806037489, 38.97082424399201], [-79.75721651016106, 38.97139695383919], [-79.75657570952954, 38.97188754409609], [-79.7567798714408, 38.973436803982686], [-79.75621714878051, 38.97436624517653], [-79.75741548070827, 38.976921784865965], [-79.75693776113177, 38.97772868569103], [-79.75406117053906, 38.97947888526673], [-79.75161167945663, 38.97971757568001], [-79.75036370842288, 38.97896642633666], [-79.75329690096332, 38.97451408471364], [-79.7528008081443, 38.97423413486089], [-79.75248666818776, 38.973503514300326], [-79.75247095934839, 38.973089384270374], [-79.75287384836342, 38.97289273482717], [-79.75226387791245, 38.97206082375728], [-79.7520137599879, 38.971354404247116], [-79.75202095639165, 38.96950183305263], [-79.75156148698844, 38.96953729337205], [-79.75113225936927, 38.971135213799165], [-79.7522262995875, 38.974106364715176], [-79.73989838477023, 38.97816242584494], [-79.73747295596101, 38.97839935600304], [-79.7333828734718, 38.98025863712536], [-79.73010290248561, 38.98350082772011], [-79.72799094169306, 38.988769227959175], [-79.73094641424919, 38.989107118807695], [-79.73208400299575, 38.98819043800355], [-79.73516928480537, 38.99300119923577], [-79.73441836329643, 38.993307369354824], [-79.73518274516158, 38.99389405929215], [-79.73468011440393, 38.996710199214945], [-79.73374945527799, 38.998651961004015], [-79.73616439535797, 38.99855152019332], [-79.73772062687472, 38.9990436704258], [-79.74148067821, 39.00176824032786], [-79.74153047811441, 38.993354739308714], [-79.73326897428029, 38.989274068789925], [-79.73176409405846, 38.98731560875323], [-79.73132369499041, 38.98485238776218], [-79.73163062417017, 38.983920117907765], [-79.74447706812899, 38.9876286574324], [-79.74427331764613, 38.98798803789375], [-79.75067344124464, 38.992336438548975], [-79.75547146983956, 38.99646388916146], [-79.75521006099021, 38.996706649098925], [-79.7557199106095, 38.99725966845284], [-79.75608678975806, 38.996915668594475], [-79.75681189368572, 38.99811452944836], [-79.75678069250097, 38.99875802933333], [-79.7584808215498, 38.99927170913789], [-79.76005506338966, 39.000465410080345], [-79.75988275304346, 39.0008433293964], [-79.76028793366078, 39.00115751061417], [-79.76044815358158, 39.00087308928219], [-79.7610258134284, 39.001668600479405], [-79.7608428831989, 39.00222533962395], [-79.76203981465314, 39.00378791062221], [-79.76201602456948, 39.00449051962962], [-79.76276201342917, 39.0047597404943], [-79.76471929510957, 39.00842988138339], [-79.76573046484451, 39.008728921318905], [-79.76709550432608, 39.01059959107245], [-79.76686857641057, 39.011696531025585], [-79.76790960614557, 39.01160839087603], [-79.76878787732075, 39.01224842180826], [-79.76910950653182, 39.01301774131327], [-79.7699406574771, 39.013044511458006], [-79.77093888608205, 39.01368552123332], [-79.77215712826978, 39.013481902066175], [-79.77295742747494, 39.013844530878664], [-79.77474190922727, 39.016721352804616], [-79.77211269759582, 39.016928672275405], [-79.77178534881135, 39.01829832177799], [-79.77224792908038, 39.01905613284066], [-79.77031906829895, 39.020499593648104], [-79.76964065700312, 39.02008542310572], [-79.76517086562647, 39.02169872412749], [-79.76349430747237, 39.020925883861025], [-79.7608378050226, 39.02481939460567], [-79.75946234508376, 39.023916583567065], [-79.75947205317702, 39.02243466422758], [-79.76228451573652, 39.020236173803575], [-79.7628212357626, 39.01860852259887], [-79.76281800542084, 39.01762008269282], [-79.76187793464568, 39.015906332459856], [-79.76232247494718, 39.01469510272671], [-79.76186337564987, 39.014607072406896], [-79.7595280936777, 39.0162001926152], [-79.75644621288976, 39.011270882483586], [-79.75550257310798, 39.01197035223119], [-79.75343611198458, 39.011689711500026], [-79.75160055202521, 39.012164282596444], [-79.75003589970098, 39.00943678208341], [-79.7483180603663, 39.008168120495554], [-79.74607733955254, 39.012116382887086], [-79.74323133839188, 39.012466242527424], [-79.74231115811375, 39.00826191138266], [-79.73855090645417, 39.01284867239537], [-79.73615842695122, 39.013140603441855], [-79.73630081531365, 39.014610023457564], [-79.73760004601412, 39.015479124166674], [-79.73503440635872, 39.01858789432699], [-79.73576706781287, 39.01978364436668], [-79.73328183635853, 39.0214208557197], [-79.73179977514154, 39.019899763945055], [-79.73102687545087, 39.0201325043366], [-79.73069880621752, 39.01888543402268], [-79.72749727432532, 39.01989207559507], [-79.73144264715562, 39.025245460995215], [-79.71942985124936, 39.02254867686062], [-79.71863552160825, 39.01830613523277], [-79.71690895244565, 39.017010055181245], [-79.71877340042795, 39.01305652392287], [-79.7215723532239, 39.01092546258312], [-79.72682511440554, 39.00987450353044], [-79.72560256389772, 39.008052582667105], [-79.73076934642522, 39.00704744229652], [-79.73366316490844, 39.009190472358505], [-79.73556916626082, 39.00715392245495], [-79.735941605981, 39.005842980753435], [-79.73508389634434, 39.00362187167508], [-79.73397902513875, 39.00326550118248], [-79.73182769567889, 39.0030887313419], [-79.73140024492734, 39.005126241553086], [-79.72989780452983, 39.00647958194318], [-79.72521155330568, 39.00632940224978], [-79.72410823169396, 39.00602901258779], [-79.7227721925247, 39.00476268148471], [-79.72286173120234, 39.00193532240265], [-79.7203839530699, 39.00817450268861], [-79.71690617934635, 39.00264796190204], [-79.7114032670025, 39.003753132731056], [-79.71410987927544, 39.00968593331468], [-79.7097994077077, 39.00941013412428], [-79.70832028847326, 39.01078705389357], [-79.70788676870367, 39.01188862429511], [-79.70814138718781, 39.0131816244445], [-79.70877411825312, 39.013880034598806], [-79.71288453949867, 39.01580517490625], [-79.71741049175023, 39.01942700493989], [-79.71761414072346, 39.02030329575917], [-79.71662115108359, 39.02191825772133], [-79.56057302569691, 38.98679604993613], [-79.56258249193476, 38.98641939577402], [-79.57042383394754, 38.98665079466545], [-79.56514579147886, 38.9849865646991], [-79.5680224144109, 38.98336036408961], [-79.56709100429342, 38.98080153378864], [-79.56896197314636, 38.978435743446376], [-79.56917793263223, 38.976970942385975], [-79.57027354310557, 38.975959582968194], [-79.56999098342284, 38.97548666229109], [-79.57264176450258, 38.97241016211538], [-79.57465291455729, 38.971808381877516], [-79.57830501714152, 38.97302628143603], [-79.58055346616167, 38.9731883415255], [-79.58117920653747, 38.97276180064645], [-79.5815530853587, 38.971638990998684], [-79.58091345702864, 38.97036746011035], [-79.58412105704059, 38.96639762019074], [-79.58429413724302, 38.965581979629285], [-79.58128818655447, 38.96481662016917], [-79.58011647530182, 38.963396599373866], [-79.58757422770516, 38.964390179046255], [-79.58928580847723, 38.965933609453614], [-79.59649447062868, 38.964243048981714], [-79.59823271250008, 38.95887964798943], [-79.593425118644, 38.95709917715091], [-79.5904597089242, 38.95707101808998], [-79.59020041920061, 38.95787949813247], [-79.58671758796201, 38.957081218250266], [-79.58796888815218, 38.95455942738239], [-79.58692741734438, 38.95390525735244], [-79.58421870660692, 38.95480742776304], [-79.5860933675357, 38.951383746781524], [-79.58664936630608, 38.95373879751168], [-79.59383660992619, 38.95136042675992], [-79.59294694990984, 38.94898489575121], [-79.59252544959874, 38.94356940483096], [-79.58115694448809, 38.943983895366564], [-79.58837321626831, 38.93254983314597], [-79.59110509635356, 38.930834192858136], [-79.59262403700623, 38.929320191904594], [-79.59650954795242, 38.920670030895316], [-79.59902342847778, 38.91887133979812], [-79.60120364955381, 38.918546130003975], [-79.60233613946284, 38.91792363943479], [-79.6059870805254, 38.91848375930015], [-79.60566960063261, 38.918173599162], [-79.6054946699007, 38.915375409300424], [-79.60448371037153, 38.915351178577865], [-79.60485664865668, 38.91286094911192], [-79.60605448022284, 38.91030459787985], [-79.61942424314032, 38.912244888284725], [-79.62018878400727, 38.91035052746859], [-79.61111669076642, 38.90848095802066], [-79.61184751067424, 38.90605302717669], [-79.6151502135287, 38.90667862634663], [-79.61610372130387, 38.902892226838446], [-79.61874377290584, 38.90423897623702], [-79.61906305302244, 38.90493299576095], [-79.62163442392938, 38.90680703674249], [-79.62548776620523, 38.90741359665209], [-79.6265593566262, 38.906637106737506], [-79.62885801608084, 38.90651406608719], [-79.63138582678134, 38.90129345516633], [-79.63151982757394, 38.90001870484871], [-79.63461303611761, 38.89643853456933], [-79.63163455591045, 38.89500680367052], [-79.63142593835539, 38.89573560525059], [-79.6270680671817, 38.8989094257605], [-79.6256516746086, 38.898974054338176], [-79.62918495613187, 38.89011841304933], [-79.62145275313789, 38.888153433848736], [-79.6310286763873, 38.8868445227786], [-79.63285081731298, 38.88303373156043], [-79.62106145328833, 38.8817776720055], [-79.62073097387508, 38.88336872182497], [-79.61931081197108, 38.88407283152122], [-79.61949250162718, 38.885408612749735], [-79.61799876141316, 38.88574238211766], [-79.61741196120833, 38.88687082248407], [-79.6178015919881, 38.884760462526344], [-79.61527681040674, 38.88404700278369], [-79.6137540510158, 38.88565570327433], [-79.61001782929007, 38.88244125179531], [-79.61706123017534, 38.87726446127608], [-79.61646796120212, 38.87623135021774], [-79.61722539100529, 38.87584167037589], [-79.61766207104804, 38.87454312077232], [-79.62045607233017, 38.87336433072145], [-79.62146460101818, 38.87394952046659], [-79.62156210236247, 38.87468541975909], [-79.62387222342186, 38.87424894069648], [-79.62435705406214, 38.87331669032847], [-79.62584458332428, 38.87411166016084], [-79.6266103728495, 38.87352353999879], [-79.62657740288192, 38.87251622987795], [-79.6285341958788, 38.87086314908624], [-79.62896331480182, 38.86952554872932], [-79.62975577351118, 38.86859426874831], [-79.62967417414403, 38.86641353619646], [-79.63083321465957, 38.86618048787818], [-79.62949111365879, 38.86494187835933], [-79.62944936445598, 38.86645109812004], [-79.62657869286268, 38.86692768861349], [-79.62335798283745, 38.865744318201514], [-79.62110601242138, 38.867773999163596], [-79.61879860068089, 38.86812745894657], [-79.61828234068375, 38.867381918675584], [-79.61975085979783, 38.86473623825373], [-79.6221343615378, 38.8648117583456], [-79.62414955311299, 38.862586618264515], [-79.62470687330516, 38.862511718343356], [-79.62585426356978, 38.8645187277705], [-79.62803741315363, 38.86334716835587], [-79.63019180407198, 38.863780817880794], [-79.63265045437706, 38.859687327289556], [-79.63225481476637, 38.85933702649342], [-79.6331763532972, 38.85670441619993], [-79.63280531494888, 38.85580027702688], [-79.63120485308251, 38.85453662589839], [-79.62846980284262, 38.85431911639409], [-79.62377514069247, 38.85159620558566], [-79.61866191033232, 38.85155904507154], [-79.61417490903148, 38.85550900644653], [-79.61407575748197, 38.8475513622805], [-79.60981171713632, 38.849259295600994], [-79.61127847734909, 38.85101253603905], [-79.61203310800184, 38.853009516382585], [-79.61100535806167, 38.85404294604726], [-79.6130411758541, 38.856113794575016], [-79.61302911866636, 38.85656727666644], [-79.6125008275326, 38.85705390661717], [-79.61063116932165, 38.85672450610785], [-79.60787303776884, 38.85768858696914], [-79.60810950669098, 38.85854131782816], [-79.61302759781857, 38.85862276729294], [-79.60947600683318, 38.86109482821904], [-79.60694337936614, 38.86087506821914], [-79.60690464760435, 38.86207848846092], [-79.60779475588004, 38.86268192878972], [-79.60833628818106, 38.864608668779795], [-79.60656098900758, 38.86648779901624], [-79.60680983761264, 38.86796884957766], [-79.60831512926288, 38.86805517930249], [-79.61044100945075, 38.86984834910801], [-79.60950500804383, 38.871033429760146], [-79.60895841822773, 38.87064205965223], [-79.60636019757527, 38.87103408998699], [-79.60234941656273, 38.86918281926857], [-79.60121050549606, 38.8694984501746], [-79.60063712342662, 38.87062995029724], [-79.60104421565886, 38.87223878039852], [-79.59809247470444, 38.87170880012182], [-79.60003032582524, 38.86821998044869], [-79.59976852531042, 38.86818034987333], [-79.60592267760771, 38.86369073872912], [-79.59811615519365, 38.86235005861171], [-79.5984948831208, 38.85824313813646], [-79.59591102203817, 38.8582827679554], [-79.59609463408898, 38.856651097714874], [-79.59830251339429, 38.85461298649467], [-79.59870842344364, 38.853283766232195], [-79.60150421327145, 38.85062556670035], [-79.60143528374309, 38.84741488233558], [-79.61276134794815, 38.842794574330426], [-79.6023981744214, 38.83420613278166], [-79.60721138454463, 38.83490084338718], [-79.61026224560752, 38.82817425055224], [-79.61278073628694, 38.8213492494076], [-79.61868005719937, 38.81141930799891], [-79.62259512900661, 38.80652497696116], [-79.62111205628659, 38.8033476462238], [-79.62232198726132, 38.80144795595511], [-79.62518828765243, 38.80144663420977], [-79.62686185800992, 38.798588694596575], [-79.62689241869587, 38.7974813151013], [-79.62361294807128, 38.79563980433466], [-79.62496060694872, 38.79526421433946], [-79.64009318155894, 38.77024823885785], [-79.64308727089248, 38.766761897947326], [-79.64410159191746, 38.76724647813554], [-79.65087356504299, 38.75857727551973], [-79.65062337345658, 38.75845381544781], [-79.65206783389071, 38.75474361546336], [-79.65143931412746, 38.75450181468451], [-79.65600988480088, 38.74786316335871], [-79.64551865014218, 38.74382371409373], [-79.64241873028502, 38.74824928431121], [-79.63224814657202, 38.74467883435161], [-79.6296127356668, 38.74813487424689], [-79.62425510515887, 38.74214310457055], [-79.62691676393838, 38.74118390612689], [-79.63201212770583, 38.740220183132934], [-79.63322641820463, 38.73908784188551], [-79.63180676834033, 38.73804270300578], [-79.62884518454533, 38.73161793245932], [-79.63107797503177, 38.73140908110051], [-79.63191533603062, 38.72990487063749], [-79.63336901767114, 38.729690100376224], [-79.63670306723745, 38.730320301217255], [-79.63768638740194, 38.73104538056625], [-79.63822001722345, 38.73202480032014], [-79.64106527907062, 38.733049131644265], [-79.6417243092142, 38.73409306124476], [-79.64652284086567, 38.73584757189667], [-79.66432538726504, 38.73825735145833], [-79.66440397637767, 38.73426792114592], [-79.67088393774705, 38.727940808702996], [-79.67301174661782, 38.71940277717598], [-79.68664681258142, 38.7226758072353], [-79.68705378084617, 38.72027833713505], [-79.68478233136146, 38.7196942167669], [-79.68877022240225, 38.71232508530168], [-79.68956295240281, 38.712442095077435], [-79.69260911348013, 38.70301724311808], [-79.6957724633795, 38.696289241460754], [-79.69427846265408, 38.69611560250712], [-79.69951664401862, 38.67325714957279], [-79.69970497957124, 38.67539158620132], [-79.70030476222857, 38.676477222847076], [-79.7023112006196, 38.67741661778947], [-79.70171386856637, 38.679244246984545], [-79.70224528943059, 38.68030753617335], [-79.70848248648433, 38.68482191217574], [-79.71035182399672, 38.68574886747421], [-79.71290914704923, 38.685928080971436], [-79.71805663376442, 38.68521851414622], [-79.72154502108306, 38.68335768395256], [-79.72377148383666, 38.67968110201898], [-79.72596946101258, 38.679154774632266], [-79.73362526229165, 38.67823442488481], [-79.73922832241665, 38.67976233378061], [-79.74003688612243, 38.68075291135296], [-79.7409994695769, 38.683169389303416], [-79.74350459422323, 38.685548485276755], [-79.74383418160939, 38.68638283556387], [-79.74262239202035, 38.68797749493961], [-79.7386835220446, 38.689820550175114], [-79.73768891904014, 38.69139867958565], [-79.73901214553847, 38.69288035245155], [-79.73923272416154, 38.69364880104184], [-79.73720582394495, 38.69617332352063], [-79.73788369086172, 38.699320325673966], [-79.73720233578669, 38.70185947738112], [-79.73734485350653, 38.707072452179766], [-79.73382025779374, 38.71016337777915], [-79.73105191598941, 38.71096419139633], [-79.73063338371202, 38.71204941097089], [-79.73096350559577, 38.71285143081824], [-79.73154928351782, 38.713213843105386], [-79.73258423884488, 38.713095584108515], [-79.73434885435469, 38.712208351509844], [-79.73552147919398, 38.71209155584344], [-79.7362349086162, 38.71302718033612], [-79.73648991517254, 38.714972080947646], [-79.73821399240853, 38.71639335082176], [-79.7397091178247, 38.71830845530006], [-79.74127057933303, 38.71880001373685], [-79.74364469457662, 38.718501843346466], [-79.74587906699628, 38.719896111118416], [-79.74770201460909, 38.71961352797341], [-79.74888161935813, 38.72068354122863], [-79.75120307086816, 38.721851700744324], [-79.75130995870889, 38.722657879484444], [-79.75029733819474, 38.724399216389784], [-79.75031026135842, 38.72539381318771], [-79.75192245522243, 38.72654753746383], [-79.75520327331992, 38.727351989704474], [-79.75516279433492, 38.72794349976951], [-79.75417802878111, 38.72895116038979], [-79.75449385128216, 38.729913462892114], [-79.75410673937847, 38.73131815964435], [-79.75447016450478, 38.73215074263218], [-79.75437933135481, 38.73390191571738], [-79.75865715185692, 38.7338881629908], [-79.75907518377271, 38.7341885654947], [-79.75948113694118, 38.73606339504485], [-79.767203045242, 38.73442834618147], [-79.7688879262872, 38.73665993136902], [-79.77565001435134, 38.73989180817766], [-79.78048642077187, 38.73801891565588], [-79.78178645815946, 38.73691892425113], [-79.78145802510844, 38.73435265765844], [-79.78221460061376, 38.733413426018906], [-79.78353937167014, 38.729954088070144], [-79.7848900332615, 38.73029766547271], [-79.78521485328848, 38.72980681542635], [-79.78569528487883, 38.7299409740778], [-79.78717320306573, 38.728452574843345], [-79.78684832464829, 38.727022543621196], [-79.78972397290825, 38.72468801379752], [-79.7910814779552, 38.72300285615249], [-79.79351132224839, 38.721371916771076], [-79.79374138528422, 38.72077657321811], [-79.79337797363267, 38.72038777357847], [-79.79333635468555, 38.718043773062554], [-79.7946043407668, 38.715322942413486], [-79.79665603569889, 38.714737711313006], [-79.79743127025236, 38.71374132619468], [-79.80246210250169, 38.71024057378239], [-79.80171180172862, 38.70630239248285], [-79.80116311614299, 38.70568115473436], [-79.79896664184851, 38.70511405717909], [-79.7982865030924, 38.70321953018719], [-79.79916309890957, 38.70149337395264], [-79.80488346014607, 38.69365535524981], [-79.80905590916366, 38.69164973327169], [-79.80904742816908, 38.68851233363366], [-79.80793921702723, 38.68610959678925], [-79.80781839990973, 38.68337357535368], [-79.80998084063134, 38.680483193164115], [-79.81268269722317, 38.67875845322876], [-79.81458668545102, 38.67671997429413], [-79.8140865969256, 38.6737200562367], [-79.81587958572368, 38.671722967048794], [-79.81735495628845, 38.66832825454833], [-79.81905656486256, 38.666782680960594], [-79.8201466390188, 38.66476920251408], [-79.82078666979412, 38.6628322412386], [-79.82053289662466, 38.66147001914123], [-79.82153033650881, 38.65865054244361], [-79.82150617182766, 38.65643640812222], [-79.82221260786541, 38.65570949531196], [-79.82742634892608, 38.654495032002984], [-79.83366306538113, 38.647903775905306], [-79.83341091187415, 38.64669368450519], [-79.8321492460239, 38.64443169939751], [-79.83237148114036, 38.64096507978573], [-79.83138588554323, 38.64030410614937], [-79.83011612946554, 38.63855109409509], [-79.82983195730688, 38.637459065483334], [-79.83382820896801, 38.63303559583792], [-79.83498650028864, 38.63047804726032], [-79.83613456518805, 38.63041842414745], [-79.83862224634817, 38.62871460869221], [-79.8395914800307, 38.6285111096016], [-79.84164368489053, 38.62947854392038], [-79.84262497126923, 38.6294645633896], [-79.84327605491579, 38.63027605001938], [-79.84506430330413, 38.630767254057496], [-79.84601845696798, 38.6305635537758], [-79.84654329767274, 38.62983470056609], [-79.84708592052853, 38.62799314816319], [-79.84655635378707, 38.6261883969478], [-79.84705212411092, 38.624203223558176], [-79.84684099845958, 38.62134364036714], [-79.84570911132012, 38.618633739101824], [-79.84380577706582, 38.61598948482378], [-79.84378423456697, 38.61344926581391], [-79.84204659636345, 38.60873675355979], [-79.84257989740154, 38.607508652976094], [-79.84741819028415, 38.60275718831573], [-79.84828841884259, 38.60137362307006], [-79.84895422318172, 38.59870426566995]], [[-79.64539641099158, 38.895456574057796], [-79.64422758063604, 38.8949003737366], [-79.64230211997797, 38.89290172299348], [-79.63879176885064, 38.89468417350273], [-79.6411987085347, 38.897561643329425], [-79.64539641099158, 38.895456574057796]], [[-79.62265633212523, 38.87681141050499], [-79.62307904336532, 38.87614876001651], [-79.62364212265676, 38.875775220632974], [-79.62273520241055, 38.87593764009608], [-79.62265633212523, 38.87681141050499]], [[-79.6534750034608, 38.74060056205135], [-79.65322544249172, 38.73935531267998], [-79.65160308149532, 38.738543101581904], [-79.64893763182533, 38.743344032832184], [-79.64959808220536, 38.743614164148816], [-79.65073535204999, 38.74255712221974], [-79.65290756374696, 38.74218026192215], [-79.6534750034608, 38.74060056205135]], [[-79.66495952688871, 38.74286849200502], [-79.66693028599332, 38.738652471512246], [-79.66629310736903, 38.73855321190315], [-79.66448914564975, 38.74036405182416], [-79.66264592665425, 38.74078229223163], [-79.66320478835544, 38.74265949207304], [-79.6618379459551, 38.74329572247243], [-79.66218032535092, 38.745174603610934], [-79.66132912580512, 38.745738692208114], [-79.66205060503063, 38.74621967314566], [-79.66542768569568, 38.74467715212849], [-79.66495952688871, 38.74286849200502]], [[-79.67412194213811, 38.92817579815845], [-79.6750215420131, 38.928312518569406], [-79.67492362205385, 38.92093114729978], [-79.67069504989057, 38.92215069702909], [-79.66816843933931, 38.92052184768245], [-79.67165099120187, 38.92423706769643], [-79.66956322024329, 38.92608776824208], [-79.67055688181335, 38.93021691909877], [-79.66790272935636, 38.931564010253325], [-79.66792382988407, 38.93197971000034], [-79.67201606204175, 38.93126796924424], [-79.67337523193123, 38.93156508989444], [-79.67399353245983, 38.930477729928185], [-79.67171777016344, 38.928962278996465], [-79.67193130150312, 38.9280031393625], [-79.67352195196996, 38.92720174862684], [-79.6739767618118, 38.92726115907158], [-79.67412194213811, 38.92817579815845]], [[-79.69871239777615, 38.74620799101935], [-79.69880506708255, 38.74619755108944], [-79.69887159810911, 38.74618531126637], [-79.69871239777615, 38.74620799101935]], [[-79.71382127932075, 38.98369879748594], [-79.70581013505799, 38.983325568477376], [-79.70530622420104, 38.98994713914486], [-79.7134757486349, 38.99015967947634], [-79.71382127932075, 38.98369879748594]], [[-79.71855844885181, 38.99612785982193], [-79.71786351035136, 38.995155079860595], [-79.71832075013606, 38.99420845987493], [-79.71225289808977, 38.99278378008433], [-79.70937165781717, 39.00056271153668], [-79.71636578880405, 39.00211748237239], [-79.71603775011341, 39.00096354239179], [-79.71663929077377, 39.000586740704016], [-79.71615069888736, 38.99983139088578], [-79.71838722906034, 38.99817055102841], [-79.71855844885181, 38.99612785982193]], [[-79.71272580269638, 38.91104476404899], [-79.71227838239606, 38.911156183696825], [-79.71266241307836, 38.91122323433616], [-79.71272580269638, 38.91104476404899]], [[-79.72332394945032, 38.97560364652813], [-79.72358492171844, 38.97482055617836], [-79.72003687997675, 38.97220146554634], [-79.7153176677682, 38.970012624906225], [-79.71367522762858, 38.97077066615641], [-79.71696579873513, 38.973446246135325], [-79.714720948366, 38.975149766553976], [-79.7190662592954, 38.980023117508466], [-79.72131499936971, 38.97719966606545], [-79.72332394945032, 38.97560364652813]], [[-79.73889999177358, 38.77331658615899], [-79.73569032114487, 38.774496276670796], [-79.73201523875738, 38.77812964715964], [-79.73056851995861, 38.78044956708165], [-79.72953167906778, 38.78312724722793], [-79.72777953936063, 38.78505948763078], [-79.72664709796064, 38.78737917790424], [-79.72165655770536, 38.79243714005336], [-79.72060050724052, 38.79598735142454], [-79.72051497774399, 38.79640498091921], [-79.72053422684391, 38.7968753257652], [-79.72134495728614, 38.79832885082617], [-79.72475797954569, 38.800341381185795], [-79.73098477051518, 38.80576087228555], [-79.73291931134415, 38.80515611192318], [-79.7336233722363, 38.803433051887055], [-79.73570918217258, 38.80130673068614], [-79.74099757323336, 38.80010312058901], [-79.75165379607039, 38.78584614672174], [-79.73980222281402, 38.781052716378575], [-79.74088127284509, 38.77927137632807], [-79.74312050425213, 38.78011341703225], [-79.74736017330412, 38.773967205079934], [-79.74802931308791, 38.77421911520781], [-79.74981388467177, 38.77252282445359], [-79.74127900103882, 38.769220474145826], [-79.74052818193782, 38.77207039607252], [-79.73889999177358, 38.77331658615899]], [[-79.72799246433748, 38.98339606745636], [-79.72672945101431, 38.98173450669995], [-79.72268277152637, 38.98220855669526], [-79.7222204302092, 38.98398332834562], [-79.7205382000924, 38.985058568191356], [-79.7211184794266, 38.98808429867389], [-79.72623696133789, 38.988872899408655], [-79.72737448181248, 38.986505248400924], [-79.72889092245373, 38.98565683738144], [-79.72881211235554, 38.98335473799707], [-79.72799246433748, 38.98339606745636]], [[-79.7226598635883, 38.73067787789527], [-79.7226771130384, 38.73065101730982], [-79.7226407321677, 38.730640027101785], [-79.7226598635883, 38.73067787789527]], [[-79.72351662819729, 38.93969135895061], [-79.72890760955845, 38.94752102056468], [-79.73277724996849, 38.94911898135719], [-79.73093131087431, 38.943105829400096], [-79.7361552514067, 38.940767248136694], [-79.73266397959769, 38.9404998283295], [-79.7305929810838, 38.93971411894682], [-79.72482400841402, 38.93917678852021], [-79.72351662819729, 38.93969135895061]], [[-79.74653049290097, 38.76158929298177], [-79.74332332318204, 38.7650215035161], [-79.7418617130108, 38.76736799406166], [-79.74792703450292, 38.76971960431839], [-79.75666047635637, 38.7587412324851], [-79.75058399329684, 38.75685886116168], [-79.74789031406905, 38.758985821578065], [-79.74653049290097, 38.76158929298177]], [[-79.7448352452974, 38.9427264189988], [-79.74576415450512, 38.9430517785549], [-79.74532731546057, 38.9409925889003], [-79.74462081833738, 38.941804858322364], [-79.74342595660156, 38.94222342905396], [-79.74462075635363, 38.941804928890654], [-79.74342482382598, 38.94222466783452], [-79.74365686405378, 38.94346166921569], [-79.7448352452974, 38.9427264189988]], [[-79.7511819667472, 38.794519408833246], [-79.75202461702641, 38.794158928443295], [-79.75161400699153, 38.793949739842326], [-79.7511819667472, 38.794519408833246]], [[-79.7523339689625, 38.97210618467228], [-79.75294374986895, 38.97293764474844], [-79.75362383921772, 38.972838653620364], [-79.7523339689625, 38.97210618467228]], [[-79.75310752981322, 38.97292830379446], [-79.75258737831426, 38.97348143490389], [-79.75325970891393, 38.97332226400657], [-79.75310752981322, 38.97292830379446]], [[-79.75337276907895, 38.97397171460931], [-79.752723678794, 38.97383127537403], [-79.75300738742197, 38.97421712520686], [-79.75337276907895, 38.97397171460931]], [[-79.75402216928269, 38.973579634564295], [-79.75452862057524, 38.97345960482363], [-79.75424139953452, 38.97272161453167], [-79.75377575062046, 38.97294453435597], [-79.75402216928269, 38.973579634564295]], [[-79.75457919482743, 38.96462573878067], [-79.75421692852785, 38.96431774313544], [-79.75388838857731, 38.96469197265865], [-79.75431828813632, 38.964922402538726], [-79.75457919482743, 38.96462573878067]]], [[[-79.65333357000752, 38.68513459099121], [-79.65047798921267, 38.68549329198397], [-79.63534068529677, 38.68179149595803], [-79.64024087716807, 38.68135138128844], [-79.64235270770489, 38.68031851588747], [-79.64395393134264, 38.68081182848973], [-79.64708394835507, 38.682725463202196], [-79.65073105271306, 38.68350127303303], [-79.65333357000752, 38.68513459099121]]], [[[-79.63174630273855, 38.68091205188662], [-79.62504239136882, 38.679271421423756], [-79.62365445023741, 38.684067952227075], [-79.61126815570647, 38.677361430847995], [-79.60966490636775, 38.67919870260132], [-79.60405498401231, 38.67663580132734], [-79.60223967387604, 38.678691221412244], [-79.60201680365068, 38.679030981627385], [-79.6125156856674, 38.6850222529323], [-79.61074987629655, 38.68838501442229], [-79.62149759973182, 38.69125154306686], [-79.6208041596213, 38.69357276433256], [-79.61886659955465, 38.69346430418762], [-79.61601344870265, 38.694142474674564], [-79.60949147492407, 38.69065891459259], [-79.606303406083, 38.696789145109804], [-79.6168244207917, 38.70574046634496], [-79.62182127081353, 38.703569176335904], [-79.62438460269698, 38.70633423659132], [-79.62647381185832, 38.70702561673678], [-79.6271178733743, 38.70852902671237], [-79.62828125275267, 38.709601497407434], [-79.63048916439733, 38.71282183684816], [-79.63308534497578, 38.71387271738641], [-79.63274692625207, 38.714339587968425], [-79.63309459582658, 38.714541898377995], [-79.6312690044719, 38.716336307790435], [-79.63005520445326, 38.71665552851438], [-79.62742529213588, 38.718963099027825], [-79.62516690505373, 38.722284219418434], [-79.62212711932, 38.721203152964755], [-79.62029686211572, 38.721159059452646], [-79.61931551105832, 38.7204491104229], [-79.61829031143526, 38.72134713074652], [-79.61879871027537, 38.72156490054133], [-79.61661864101464, 38.72303499066839], [-79.61616059094956, 38.72527785132303], [-79.61042097791821, 38.730557933004455], [-79.60628953878997, 38.73051779202028], [-79.60350595796515, 38.73300770268199], [-79.60202646682819, 38.73195825275653], [-79.60071684441652, 38.73208226319621], [-79.599645015942, 38.73288044306913], [-79.60922473816676, 38.73793285216179], [-79.60636288892786, 38.74166543413544], [-79.60546072885433, 38.74434901486574], [-79.59895985650175, 38.748015425973115], [-79.59337750703563, 38.75600889833311], [-79.59002351576834, 38.75875295809272], [-79.58770031434011, 38.76268984013814], [-79.58067522112033, 38.767885320452855], [-79.57237887163636, 38.77494367174866], [-79.57229325051168, 38.779132803258484], [-79.5704762407629, 38.7812732746787], [-79.56871120933309, 38.78239159410988], [-79.5687720701936, 38.78370345482171], [-79.57007989956797, 38.78530541497993], [-79.5641033594737, 38.78529524545835], [-79.56228558885189, 38.78150175448444], [-79.55789294748679, 38.782069424249805], [-79.55845580758931, 38.78678016581019], [-79.55719864589189, 38.78978337659566], [-79.5581230266923, 38.79090765622314], [-79.55687950860744, 38.78969383604209], [-79.55571804623388, 38.78937311567248], [-79.55273220612959, 38.79020125669865], [-79.55080545459245, 38.79121366666278], [-79.54553153539091, 38.800096699361475], [-79.54568543386706, 38.800809978547896], [-79.54619221394302, 38.800167488252406], [-79.54902191607115, 38.801279468929195], [-79.5524785353681, 38.802038698764484], [-79.54991018729207, 38.80695845972247], [-79.54664160514706, 38.8057193896228], [-79.54233071406607, 38.805656709860216], [-79.54263719408817, 38.80446204844137], [-79.54334202393821, 38.80399324897905], [-79.54353130346014, 38.803180109470745], [-79.54538712402247, 38.80096846811789], [-79.54527314398257, 38.80027319889721], [-79.54337568291359, 38.80226804801336], [-79.541738733277, 38.80482480996336], [-79.54013518300266, 38.804115449946664], [-79.53858050287641, 38.80658307918657], [-79.54086591397727, 38.811874091306656], [-79.53884997320714, 38.81210573140345], [-79.54072127353842, 38.815048692073006], [-79.54415774542016, 38.81529404138922], [-79.54382945430295, 38.81633045177917], [-79.54508050386315, 38.81658534090201], [-79.5474763754046, 38.81803438199135], [-79.54480228394158, 38.8189382724868], [-79.54587634562787, 38.82060516309256], [-79.54510988416284, 38.82091101241093], [-79.54295250365124, 38.81983886199723], [-79.54136746495996, 38.82113471233419], [-79.54326818421849, 38.82173061237046], [-79.53999342346094, 38.8231042931116], [-79.5377612222693, 38.823455023575754], [-79.53360623200926, 38.826106313961304], [-79.53121272124038, 38.828937105668274], [-79.5308493904372, 38.82821181517596], [-79.53146272148562, 38.816608792693714], [-79.53032211978959, 38.816062812458895], [-79.53065176017638, 38.81540013275656], [-79.51642973770107, 38.80852880994933], [-79.51604599537801, 38.80825070416318], [-79.51605652992136, 38.8070948450416], [-79.51353715889296, 38.8055285171204], [-79.51299242409792, 38.8045967941312], [-79.51063302056376, 38.80309549387291], [-79.50762138264113, 38.80003048269412], [-79.50608720206966, 38.79374749684191], [-79.50640578060204, 38.79263760905656], [-79.50771579198424, 38.7916349601288], [-79.5087536228185, 38.78951486452807], [-79.50981154806735, 38.78836184821179], [-79.50877124057783, 38.78608913460197], [-79.5086749295013, 38.784910891378715], [-79.51022678262933, 38.780663993485206], [-79.51337332145648, 38.78043080929251], [-79.51571152205501, 38.779682845257284], [-79.51563860939666, 38.77736992173615], [-79.51867631103894, 38.77341993091357], [-79.52287642547233, 38.76911996620844], [-79.52440646750529, 38.766236170244284], [-79.52703270750976, 38.763200622499554], [-79.52757648919228, 38.759320075497875], [-79.52807649776763, 38.75852008474107], [-79.52987655361206, 38.7572200926315], [-79.52988031036656, 38.75524952506663], [-79.53027496003382, 38.754329681789706], [-79.5348257039906, 38.747344807647394], [-79.53556313729554, 38.74673619651227], [-79.5367624034712, 38.74648403031088], [-79.54017681901777, 38.74692022029613], [-79.54309135354974, 38.74668828989987], [-79.54342543161403, 38.743887082999244], [-79.5450987207988, 38.738130183880806], [-79.5463986225408, 38.73658502580583], [-79.54663019923791, 38.73567782623322], [-79.54959987236202, 38.73484636278016], [-79.55100601785267, 38.73331081727171], [-79.5517799020969, 38.73299477806859], [-79.55545418767873, 38.73263110102411], [-79.5571039311216, 38.7311652825926], [-79.55747808482734, 38.73005108598917], [-79.55737434827664, 38.72778713392142], [-79.56000788080459, 38.72562370747472], [-79.5610083632826, 38.72409973987448], [-79.56097720072542, 38.720620773408136], [-79.56048813632516, 38.717986842790935], [-79.56094714219768, 38.71725785865796], [-79.56326739176188, 38.716137171293546], [-79.56609792932322, 38.7131494313203], [-79.56737727132331, 38.71312335971681], [-79.56965181101258, 38.713961083701655], [-79.57145735107183, 38.71319830529997], [-79.57357750629636, 38.70972097838012], [-79.573951565679, 38.70726727823622], [-79.57593280363137, 38.70623104076628], [-79.57588314745743, 38.704435317033], [-79.5767713557963, 38.70209159749666], [-79.58169887204785, 38.69968836538064], [-79.58317765890563, 38.6970212438227], [-79.58650666083835, 38.69522952077213], [-79.58754873980558, 38.69424852541339], [-79.58773282257361, 38.69030147285044], [-79.58828225196432, 38.68944811240195], [-79.59165181462873, 38.68874562176365], [-79.59417791942852, 38.687721415538995], [-79.59781399427142, 38.68741692888067], [-79.59813466767503, 38.6862685487064], [-79.59692978074064, 38.684141699010716], [-79.597280544113, 38.68254281190126], [-79.60138780867864, 38.680037047716084], [-79.60143615061733, 38.67919433154519], [-79.60104982114625, 38.67824622612262], [-79.59958624456284, 38.67791978877746], [-79.59898916044465, 38.677403324762494], [-79.59811164565093, 38.67597340843663], [-79.59902061854757, 38.674147415372325], [-79.59887783133317, 38.67272176267327], [-79.5955726823662, 38.66853699702647], [-79.59488772713664, 38.66678564907476], [-79.59890633128386, 38.66492964955057], [-79.59914737306542, 38.66307936443824], [-79.60654198335111, 38.66471048049366], [-79.60937850728551, 38.66617198157638], [-79.61150089662019, 38.66601349494667], [-79.61271765389273, 38.666979765832046], [-79.6146539518264, 38.66763726347937], [-79.6163887253025, 38.667699534934], [-79.61853782155055, 38.66670628744751], [-79.62333238264848, 38.66882511108994], [-79.62564883593228, 38.666981703789546], [-79.62753979230033, 38.66236433228543], [-79.62940440557263, 38.66056272765912], [-79.63104212977402, 38.659880565774415], [-79.63083391085392, 38.660741556691036], [-79.63124759222877, 38.65988296857779], [-79.635897573075, 38.66140465939302], [-79.63611116729675, 38.6617524188916], [-79.63525932276059, 38.663857268001216], [-79.63504306683065, 38.66655216821753], [-79.63213416653214, 38.66971194976398], [-79.62834268045012, 38.67294763163372], [-79.62777924273088, 38.6750665889655], [-79.62633689064269, 38.67707812276517], [-79.62652518830605, 38.678029823034784], [-79.62773965756956, 38.67930646205898], [-79.63174630273855, 38.68091205188662]]], [[[-79.52375960953381, 38.828731835233505], [-79.52344296866752, 38.82959629545791], [-79.52334134688218, 38.829939062018745], [-79.52357033989334, 38.82894365655975], [-79.52375960953381, 38.828731835233505]]], [[[-79.74640628374496, 38.7611493827581], [-79.746558312827, 38.76070180240043], [-79.74655832450512, 38.760702123919444], [-79.74640628374496, 38.7611493827581]]], [[[-79.74079322177757, 38.76987766503866], [-79.7408597024985, 38.769683734608144], [-79.74085970160016, 38.76968410231236], [-79.74079322177757, 38.76987766503866]]], [[[-79.75373560760536, 38.7954858089863], [-79.75696951837367, 38.793773277857305], [-79.75667352887747, 38.793432868561375], [-79.76115135029441, 38.788788557084374], [-79.76193945846286, 38.790065187039076], [-79.76179529952101, 38.79091262750468], [-79.75994632861274, 38.79150763838751], [-79.75937260877674, 38.79359196896847], [-79.75470122826383, 38.79660039996623], [-79.75373560760536, 38.7954858089863]]], [[[-79.54334133582869, 38.97993220467514], [-79.54280500567145, 38.98142978438578], [-79.54078024390799, 38.98228276172174], [-79.5325519797628, 38.980417457078964], [-79.54081923482016, 38.97130097347764], [-79.54487293464203, 38.97285554278407], [-79.54658819491353, 38.97416031296067], [-79.54646614620576, 38.975094213514716], [-79.54788697555804, 38.97537635353203], [-79.5476942465054, 38.97778849305334], [-79.54524343669613, 38.979412205019344], [-79.54334133582869, 38.97993220467514]]], [[[-79.55408039950461, 38.97696389254984], [-79.55345872849708, 38.97698169347204], [-79.55230476885278, 38.974514112648585], [-79.55028430686183, 38.97254959289593], [-79.55106480719812, 38.971487252559676], [-79.54893471480989, 38.96934245206529], [-79.54969936527132, 38.96370990118576], [-79.54825680387567, 38.96316314078766], [-79.54684821496745, 38.9635311005513], [-79.54301026352736, 38.96007723068237], [-79.54428954444202, 38.957315759360554], [-79.54738827403143, 38.95646244964666], [-79.54840756543486, 38.95495074997643], [-79.54676755433977, 38.953909519368636], [-79.54616900506934, 38.95233039932839], [-79.55814787858463, 38.938343315377786], [-79.5576505972945, 38.9365431752702], [-79.56093147917238, 38.939573724994794], [-79.56163293854345, 38.938616035479384], [-79.56117884825218, 38.937597164885126], [-79.56172243769522, 38.93361122485674], [-79.56516743818227, 38.93233799411325], [-79.5626377482062, 38.93103951446343], [-79.56582198932583, 38.92706122298129], [-79.56504328831505, 38.92595043274653], [-79.56696153909466, 38.92576916214852], [-79.56867378911163, 38.92404609239296], [-79.56819563924209, 38.922375282043625], [-79.56981766876014, 38.921791601763545], [-79.57161526052572, 38.9190080410977], [-79.5698571578017, 38.91774744075409], [-79.5700633499055, 38.917324110482355], [-79.572153280414, 38.917370391287406], [-79.57378308035925, 38.91799989069233], [-79.57400821972902, 38.919344181238905], [-79.57551614074809, 38.91947287065335], [-79.57570643267137, 38.92035186175036], [-79.57695908123277, 38.92016348082344], [-79.57910945129191, 38.9182694215301], [-79.57918621143462, 38.91657420989728], [-79.57850262224952, 38.91619129002109], [-79.57847593150578, 38.91336650983761], [-79.57883479229211, 38.91249077965235], [-79.58083533324331, 38.91078571875561], [-79.58954839591625, 38.912807938367415], [-79.58660507397268, 38.911313499282514], [-79.58413913383906, 38.91057952908735], [-79.58389115210824, 38.91006334874407], [-79.58725089349167, 38.909173638699166], [-79.5894914346424, 38.907587928706434], [-79.5946192554394, 38.906115877865865], [-79.59439669692944, 38.905558657928864], [-79.59020893433119, 38.90514668803296], [-79.58938979386126, 38.904236337262915], [-79.59040099413893, 38.90337645780154], [-79.59253411564629, 38.903183207489086], [-79.59476328502383, 38.9021004271017], [-79.59563044583558, 38.9006615264199], [-79.5951597456947, 38.89975252614849], [-79.59281574647102, 38.89904894729471], [-79.5925760049863, 38.89874500689255], [-79.59314267664057, 38.89766248671643], [-79.5953351758899, 38.897325726531214], [-79.59607151504683, 38.8969881062083], [-79.59619198541463, 38.89629822556396], [-79.5976845659036, 38.89667379572454], [-79.60110823679254, 38.89911670568966], [-79.59683543697454, 38.90628253758396], [-79.59910418702182, 38.90653899747195], [-79.60233772858255, 38.909571168074706], [-79.59794228716872, 38.91667554000324], [-79.59359887707446, 38.912220589390564], [-79.59311103617964, 38.9123005891502], [-79.59148684531502, 38.91464332986827], [-79.59080408617322, 38.914044799290075], [-79.58946411507797, 38.914556039755325], [-79.58795710584891, 38.912993539407026], [-79.58732948350261, 38.91294458913798], [-79.58432375379964, 38.91345732914155], [-79.58204650209649, 38.91324343961187], [-79.58118568249233, 38.91399387026333], [-79.5817494624697, 38.91547247050102], [-79.58392112439769, 38.916424600668584], [-79.58471219431162, 38.91736409037316], [-79.58541763411773, 38.9189573015457], [-79.5834100629511, 38.92150298138387], [-79.58692173370358, 38.92789740251924], [-79.58756301583207, 38.92826514214868], [-79.58611534571743, 38.93145659321757], [-79.58537737342333, 38.93103640339678], [-79.57653097381277, 38.94521671599941], [-79.57594496322709, 38.949779076525694], [-79.57227549261513, 38.952170737298026], [-79.56956156086926, 38.95745800982793], [-79.56915656081331, 38.96347132026389], [-79.56521321093925, 38.96285224005675], [-79.56343648973265, 38.96415366022002], [-79.56223124976034, 38.968029161594785], [-79.5645783796128, 38.97031092204678], [-79.56337287104422, 38.9714862517477], [-79.563602489414, 38.97261174215122], [-79.55990886849398, 38.972731403181626], [-79.55883811979444, 38.97403991336532], [-79.55576626869664, 38.97605718349274], [-79.55496541882422, 38.978369163475286], [-79.556628670234, 38.98283925488785], [-79.55634999935816, 38.98348269465652], [-79.55504346894767, 38.98398592455098], [-79.55626168957583, 38.983419164655125], [-79.55650389873263, 38.98283771375878], [-79.55488410871459, 38.97879054413114], [-79.55480651852855, 38.978088574519504], [-79.5553142085979, 38.976708783682504], [-79.55580156889404, 38.975764442971304], [-79.5584848294612, 38.974115171953436], [-79.55974034903825, 38.972736852028525], [-79.55801248001343, 38.97417715292281], [-79.55421532915524, 38.9763213034962], [-79.55408039950461, 38.97696389254984]]], [[[-79.6717013750112, 38.70043206393156], [-79.67559333855606, 38.71017155532876], [-79.67309705872205, 38.719056546779505], [-79.65046635063985, 38.715121527277475], [-79.65110192038146, 38.705761615302144], [-79.65321048015235, 38.697072683640506], [-79.6717013750112, 38.70043206393156]]], [[[-79.80971078190412, 39.11064958803984], [-79.81197048681477, 39.11121307869465], [-79.81425403722439, 39.11178247238664], [-79.81284141156758, 39.11198695031771], [-79.80969272375806, 39.11091819141073], [-79.80971078190412, 39.11064958803984]]], [[[-79.81524772782082, 39.11199224484955], [-79.8153409721276, 39.11212046127668], [-79.81485227308585, 39.11191343325886], [-79.81524772782082, 39.11199224484955]]], [[[-79.81679549810592, 39.114120339819756], [-79.81712553824298, 39.11493601197048], [-79.82273100225969, 39.1155391321384], [-79.82311542011585, 39.11471489958305], [-79.82569467916463, 39.11493497530231], [-79.82502222096883, 39.11573198015327], [-79.82326542978514, 39.11619698263734], [-79.8229871532697, 39.11725206398439], [-79.82198502328146, 39.118062881828486], [-79.82077393617496, 39.11837226257523], [-79.81769512223539, 39.11602226981623], [-79.81743614692215, 39.11526643583239], [-79.81677019885255, 39.114811151582835], [-79.81679549810592, 39.114120339819756]]], [[[-79.78022488436173, 39.04284584911354], [-79.78274753064764, 39.04047634981662], [-79.78469168524677, 39.04281669505098], [-79.78537295408354, 39.0462747876607], [-79.78806240044973, 39.04839516573999], [-79.78949928718771, 39.0523283826779], [-79.78337825487661, 39.05379831911121], [-79.78415740594335, 39.057529550213495], [-79.78610916388305, 39.059215330030135], [-79.78671038474316, 39.05929771961848], [-79.787588025301, 39.06095130991055], [-79.7894478065354, 39.06089895959728], [-79.79196371635501, 39.06228654087065], [-79.78955933776781, 39.06238268100041], [-79.78848375523373, 39.06407891120935], [-79.78534240507568, 39.06529854180246], [-79.78304855609935, 39.06688870111093], [-79.78852194620973, 39.07036296217488], [-79.78699399635308, 39.071018322507825], [-79.78760837663377, 39.07174296274527], [-79.78716504546463, 39.073494222764474], [-79.78609591552926, 39.07615105344647], [-79.78487310540831, 39.07660911323926], [-79.78969743487812, 39.077261293490956], [-79.7904440381855, 39.07901331404271], [-79.78841323748394, 39.08095649511745], [-79.7784100249336, 39.080904309401106], [-79.77691067229185, 39.078974203615914], [-79.77685039174303, 39.077433286451836], [-79.77501919310433, 39.07658471590019], [-79.77489202849102, 39.07451838164697], [-79.77544246848643, 39.07282306483788], [-79.77455065431002, 39.07165426701357], [-79.77582519122164, 39.0707789993536], [-79.77641843125133, 39.06983096283542], [-79.77798428212556, 39.06894597233317], [-79.77614812120267, 39.067171109034255], [-79.77625397507308, 39.06543479247671], [-79.77395290543849, 39.06289711851811], [-79.77567798609266, 39.061696515046826], [-79.7767108654131, 39.060344768062315], [-79.77659251327272, 39.05713599815683], [-79.77895364336887, 39.056178970699975], [-79.77916420218327, 39.05466626762146], [-79.77779395337137, 39.0529254599938], [-79.77836701294561, 39.051162653357665], [-79.77714425402866, 39.04968573737425], [-79.77822120649354, 39.04828365627377], [-79.77693863864327, 39.04650143851486], [-79.78014803618412, 39.04479157476954], [-79.78022488436173, 39.04284584911354]]], [[[-79.77956350153042, 39.084452186489706], [-79.78024002546584, 39.08329435526476], [-79.78203030123989, 39.08634737296397], [-79.78062927176664, 39.08562276026648], [-79.77956350153042, 39.084452186489706]]], [[[-79.75534578025997, 38.9884913977525], [-79.75264625928789, 38.98590963628194], [-79.74887857945919, 38.98937901725517], [-79.74489622832876, 38.98757989763044], [-79.74413508668685, 38.98667161728869], [-79.73732713513586, 38.98504247726722], [-79.73462101424138, 38.98341286681641], [-79.73331685358662, 38.98341261683011], [-79.73342925259159, 38.981488737388545], [-79.73290229365942, 38.98096801663723], [-79.73471854433176, 38.97984316671681], [-79.74577899647026, 38.97646493555775], [-79.74766407785633, 38.97828166547809], [-79.75135574943218, 38.980134176005855], [-79.75509835009474, 38.97941169524197], [-79.75699434960475, 38.97785979574898], [-79.75646028050711, 38.97948908499404], [-79.75655786988631, 38.981112545677725], [-79.75933283227428, 38.98086828605027], [-79.76151786293035, 38.98123225589006], [-79.76269917268179, 38.9828647460103], [-79.76727654360191, 38.98510584590834], [-79.76884385493936, 38.98692896655876], [-79.77056939642928, 38.9874107469695], [-79.76978953479517, 38.988374186235966], [-79.76692643510138, 38.98949236731593], [-79.76698687465202, 38.99064189662475], [-79.7690114751815, 38.99678724890589], [-79.76071596113073, 38.99235503853335], [-79.76011126199386, 38.992897927613456], [-79.75565516992529, 38.98933252650142], [-79.75534578025997, 38.9884913977525]], [[-79.74157263605069, 38.98448177708283], [-79.74170369665738, 38.98456581724458], [-79.74165945642626, 38.984456126637525], [-79.74157263605069, 38.98448177708283]]], [[[-79.74663305984515, 39.022139714034275], [-79.74230464981952, 39.02361369548589], [-79.74047590717481, 39.0216562745618], [-79.73832561706574, 39.020351734999686], [-79.74034155783588, 39.016978954334014], [-79.74488983861215, 39.018429843150265], [-79.74663305984515, 39.022139714034275]]], [[[-79.85993849998074, 38.65156230647523], [-79.85936632973862, 38.65068262620154], [-79.86022487121521, 38.650168315934856], [-79.86178100032402, 38.64986804588305], [-79.86459264272168, 38.65011160524571], [-79.86533286529557, 38.64908225441274], [-79.864934681656, 38.64663650520641], [-79.86287204106752, 38.64481420521143], [-79.86140017033911, 38.64197030413069], [-79.86115516023524, 38.640751383965984], [-79.86171884049962, 38.63998187418685], [-79.86469067137705, 38.63805522319417], [-79.86653725097003, 38.636072552235085], [-79.86787889203339, 38.63550879327235], [-79.87115289371452, 38.63554038259047], [-79.87316471391246, 38.634730692285146], [-79.87671173426966, 38.634197032055305], [-79.87940921696439, 38.63583592216795], [-79.88100699646134, 38.635788112448054], [-79.88226276487174, 38.6348268520176], [-79.88196249490318, 38.63344517185712], [-79.88052905500096, 38.631791451936635], [-79.87761750467233, 38.630628151488736], [-79.87493473458534, 38.630278451426825], [-79.8735877521393, 38.6297153612901], [-79.8785157453963, 38.63044769149998], [-79.88034452577023, 38.630261791748865], [-79.88729120684549, 38.62512643977884], [-79.8902009003564, 38.62389062887118], [-79.89539107950547, 38.62333868896996], [-79.89698406020216, 38.623728398535654], [-79.9015944918197, 38.62814075997164], [-79.90466061346261, 38.62951624053215], [-79.91354656589512, 38.63046705007935], [-79.92169962780308, 38.629990229330076], [-79.9260902497554, 38.63145490963624], [-79.92719500956993, 38.63282216969997], [-79.92730883959113, 38.63667716986063], [-79.92534620035842, 38.64015096224697], [-79.92139266808061, 38.64215267163716], [-79.9205255683543, 38.64322841199205], [-79.9206873872763, 38.64414736294581], [-79.92195397948757, 38.645955463338254], [-79.92000055876628, 38.64875671330542], [-79.91979074016366, 38.64967566351937], [-79.9228866193987, 38.65235805435179], [-79.92312463072815, 38.653172354509], [-79.92069166954526, 38.65467849497053], [-79.91858018845309, 38.654767704679735], [-79.91828532813919, 38.656035594790325], [-79.91704748920354, 38.657339834753614], [-79.91621061868484, 38.65958556546232], [-79.91728262861906, 38.659970025322885], [-79.91873105960674, 38.65943235614567], [-79.92017937022018, 38.65955213626845], [-79.92154872969995, 38.66007155526634], [-79.92356938033713, 38.66167736609074], [-79.92698221215383, 38.66227970614224], [-79.92660094109611, 38.66413986666062], [-79.92726781173549, 38.66505136620431], [-79.92528539249851, 38.66750160686758], [-79.925361433989, 38.66887628642072], [-79.92479897094182, 38.67035549816166], [-79.92703836224901, 38.67163312690447], [-79.9275721627504, 38.670609717276], [-79.92811530213747, 38.67060972709506], [-79.92772479100873, 38.6691678365564], [-79.92849687143585, 38.6677409968367], [-79.92955464397113, 38.66714338663544], [-79.92993592221538, 38.66606756558301], [-79.93129858385637, 38.66564925619316], [-79.93039320332254, 38.66720313700839], [-79.93397624522436, 38.6679130065937], [-79.9326143336766, 38.668611876410715], [-79.93104816409787, 38.67035483677627], [-79.93045553292852, 38.672331947783896], [-79.93075275401502, 38.673217777279696], [-79.9300160447522, 38.67405812811087], [-79.93005117426968, 38.674788378108026], [-79.9286711634656, 38.675595809170154], [-79.92505503391693, 38.67910417959269], [-79.92408417338541, 38.68098766937509], [-79.92138071240248, 38.682360040922354], [-79.91743450858077, 38.68205283024005], [-79.91618458011803, 38.68240326006904], [-79.92044943074407, 38.68415554054877], [-79.91854553055113, 38.6872584514205], [-79.92857053328918, 38.690811790645476], [-79.93103257473443, 38.68576454096858], [-79.94009163881039, 38.68878316028023], [-79.9409901876565, 38.69150355013998], [-79.93754494731928, 38.69793174276112], [-79.95789294373803, 38.70591890350884], [-79.95562501385261, 38.711079634642324], [-79.94413349973516, 38.70681269426107], [-79.94378389159624, 38.71024856416364], [-79.94563117995999, 38.7116814453986], [-79.94470140028473, 38.71331792535628], [-79.94350266950498, 38.712542494961994], [-79.93617950808742, 38.7148626053707], [-79.93379202770903, 38.713231996125174], [-79.92990562653242, 38.720943817149994], [-79.926146626226, 38.71884102619988], [-79.9213288445763, 38.72758157914928], [-79.92530277400094, 38.7310559586603], [-79.92290434495587, 38.7330378699147], [-79.92146082415951, 38.73326571935347], [-79.91965381355817, 38.73573755090451], [-79.91766024353356, 38.73482161015973], [-79.91840461362912, 38.73327249977474], [-79.91671443162542, 38.73171295929615], [-79.9134490528727, 38.729990549967276], [-79.91185114132342, 38.7283063492121], [-79.9068087296487, 38.72804563968389], [-79.9056841395243, 38.729400349096565], [-79.90503389849745, 38.726600300196615], [-79.90257414685784, 38.7249554095616], [-79.90197845063675, 38.72627476960446], [-79.88520837302772, 38.72076499906905], [-79.88491742397855, 38.720426648871694], [-79.88587683278682, 38.71848661788627], [-79.89405515442226, 38.70316072544175], [-79.8826365906924, 38.699596014031975], [-79.88256469043536, 38.70016773544507], [-79.87876394811266, 38.70234712560823], [-79.87896608881452, 38.70282098656631], [-79.87823843995966, 38.70359016609879], [-79.86810092682553, 38.70826972762703], [-79.86735858692252, 38.71289448784988], [-79.86765447760406, 38.71505178877983], [-79.86377444638111, 38.717241538822385], [-79.85791312330687, 38.72572258137867], [-79.86193488532545, 38.726884651185934], [-79.86105510587892, 38.7279989917805], [-79.8627884168977, 38.728575271075876], [-79.864426576565, 38.7267082503503], [-79.86586147802622, 38.726810551114426], [-79.86897295740445, 38.73191232218272], [-79.87115291976568, 38.7323509522109], [-79.87727376163392, 38.73243386132749], [-79.87776399114908, 38.731049011946546], [-79.88900018429987, 38.72547234953526], [-79.90052151799318, 38.72908290993945], [-79.90355797906207, 38.73125546002976], [-79.90909185004557, 38.736335751348356], [-79.8994475685963, 38.74543760402812], [-79.8995583694984, 38.746459453375046], [-79.90837743247653, 38.75016560373957], [-79.91319776354503, 38.75501409524747], [-79.90899133215854, 38.75472076538962], [-79.90130448959484, 38.751624754443355], [-79.89151671665196, 38.75412361564981], [-79.89150840633725, 38.75381237481018], [-79.88868542540409, 38.75346074602177], [-79.89026938881197, 38.75749799542704], [-79.89034957692581, 38.759368425449594], [-79.88756983639884, 38.756584756885665], [-79.88752986496196, 38.75856182673586], [-79.88603186493687, 38.75790669687119], [-79.8840486354195, 38.75899367691689], [-79.88618503487935, 38.760844406790184], [-79.88087994503576, 38.76064449704506], [-79.87848398276448, 38.759946527165965], [-79.8802382245294, 38.75500617712318], [-79.8873316858305, 38.7561043459534], [-79.8866043756405, 38.7549880452247], [-79.8868644352203, 38.75329881622625], [-79.88506637453413, 38.7502018048279], [-79.88227335241568, 38.749459134841686], [-79.88199435455306, 38.75038670520996], [-79.8794692028658, 38.750119714999805], [-79.87540783232973, 38.7594594470886], [-79.86954827175005, 38.75821816713421], [-79.86827082070364, 38.76193624814827], [-79.86883272050713, 38.76217002795857], [-79.86918841113882, 38.763372327737876], [-79.86659113012414, 38.76410469863121], [-79.86387268883554, 38.760978727085174], [-79.86338345016213, 38.75980700732297], [-79.86182682877656, 38.75858110794401], [-79.86186251704618, 38.757800017653835], [-79.86590044873985, 38.75351365700566], [-79.8661006194363, 38.752331235536715], [-79.86565853872206, 38.75132984558575], [-79.86312536777426, 38.75102637592073], [-79.86284577702355, 38.751329516318286], [-79.86505176896844, 38.7521418355833], [-79.86512878872428, 38.75327539544229], [-79.86428718947394, 38.75431498726825], [-79.85738618593425, 38.752164687183196], [-79.86114840759926, 38.750139486092785], [-79.86135406790041, 38.75038034605992], [-79.86978883968484, 38.74936720509734], [-79.87119837990893, 38.7456281336604], [-79.86788956940886, 38.74413653358473], [-79.8641638777349, 38.74347488423155], [-79.86204046791406, 38.74533753411533], [-79.86146849799624, 38.7495143053822], [-79.85834891581413, 38.74961269504048], [-79.85804378506157, 38.74997143618162], [-79.85567216533785, 38.74916140626908], [-79.8558557558291, 38.74880518529728], [-79.85436729501401, 38.747850116025596], [-79.85303453469557, 38.747870046083435], [-79.84980350482438, 38.74674049548076], [-79.84888548319786, 38.74675301615492], [-79.84757616351844, 38.74905585664553], [-79.8431596224752, 38.74760085636791], [-79.8421099814899, 38.7516561972489], [-79.8385005093558, 38.75363879782759], [-79.8376762511837, 38.756277257750426], [-79.83960294073708, 38.757016727609525], [-79.84087643111141, 38.75539018727566], [-79.84078918223946, 38.755861598471895], [-79.84568520265883, 38.75799439788561], [-79.8479717249757, 38.758115227664945], [-79.8492661254349, 38.759588068017955], [-79.85642221548098, 38.76272627793325], [-79.85590660586408, 38.765625679130444], [-79.85533444730005, 38.766541049624], [-79.8553748867592, 38.76781510045447], [-79.85671255726899, 38.76845697952165], [-79.8600958003769, 38.76894928967581], [-79.86213890979445, 38.77321277061663], [-79.86295050980588, 38.773747821080654], [-79.86579585968796, 38.77438685029872], [-79.86625918106711, 38.77397356983219], [-79.8766501340957, 38.77982604126884], [-79.87329999390603, 38.77660041033814], [-79.87396739455143, 38.77563703101734], [-79.87649423417308, 38.77686586162841], [-79.88396818679423, 38.77867492084536], [-79.88091454634389, 38.78664023209546], [-79.87834613538581, 38.785465531360224], [-79.87585331496396, 38.784902021445426], [-79.873690243625, 38.7838424027465], [-79.87299697239776, 38.7830696811827], [-79.87033942251236, 38.7821694216535], [-79.86853204180511, 38.77951147199697], [-79.86449985214271, 38.7770129710651], [-79.85995795030328, 38.776731640574], [-79.85792305687727, 38.77546752072314], [-79.85109959501462, 38.769734619947776], [-79.84640733495952, 38.77376013111463], [-79.84618422488401, 38.77444811135511], [-79.83163864990463, 38.77134397186664], [-79.83152812837858, 38.772001501084105], [-79.825739718861, 38.77204116140945], [-79.82447849857515, 38.779206623539736], [-79.81313000433575, 38.77935143328464], [-79.8114726862984, 38.78303076086005], [-79.82766064931512, 38.78831722479979], [-79.82747741994662, 38.788790995185394], [-79.82789241106515, 38.78960846502717], [-79.82538699985628, 38.80980391873285], [-79.8154454083873, 38.81006252927153], [-79.81531706787929, 38.81087954024317], [-79.81379491664781, 38.811087411480315], [-79.80856931602877, 38.81048283003093], [-79.80399507304246, 38.808418379494995], [-79.79938256272337, 38.80694196018225], [-79.79677846080075, 38.80901320012909], [-79.80101551306032, 38.810438660061365], [-79.8041774750626, 38.81524831143395], [-79.80396907489983, 38.819001601273044], [-79.81629053801672, 38.81806953166359], [-79.81546968895111, 38.82320812208412], [-79.81349291742234, 38.82394705195551], [-79.81193592682916, 38.82405740234613], [-79.80704235611557, 38.826683922952405], [-79.80239755495526, 38.82658953345616], [-79.80192702549428, 38.82624166395499], [-79.80236913225967, 38.82503139340425], [-79.80213149373105, 38.82410828317146], [-79.80105410558325, 38.822977963318344], [-79.80101319361026, 38.82232550310388], [-79.7972672027058, 38.81997360169867], [-79.7950767210726, 38.82013958228949], [-79.79208739999659, 38.818850342653256], [-79.79117620107466, 38.82061406287709], [-79.78829371034718, 38.81986281314317], [-79.78258453762756, 38.82520160395741], [-79.76937558392571, 38.826774725704674], [-79.76063311220702, 38.82675497515364], [-79.74998337790126, 38.81640642292141], [-79.75738772905422, 38.814144102655156], [-79.75882167111469, 38.81330993320138], [-79.75480109936385, 38.81285459278941], [-79.75284612904869, 38.81186551311824], [-79.74964383718176, 38.811102692791536], [-79.74319862713912, 38.8104228130167], [-79.74214919456297, 38.80997529337297], [-79.74127689448947, 38.80876895198616], [-79.74145222407337, 38.80629698127071], [-79.74081281583054, 38.808159971590946], [-79.74246345579208, 38.81118108374566], [-79.74433137576295, 38.811590882446204], [-79.74601799684486, 38.81135653315404], [-79.74609499683774, 38.81162423285778], [-79.74255954498476, 38.812552893278806], [-79.74272396542784, 38.81286861308499], [-79.74171742291492, 38.81272190381933], [-79.74251620576388, 38.812469602653806], [-79.74176233508587, 38.812408322469], [-79.74180412381456, 38.81211655297374], [-79.74257692558888, 38.81204618333843], [-79.74053790440415, 38.808298972646114], [-79.7408394850147, 38.80652593249815], [-79.74213877410567, 38.804971361182545], [-79.74778901554603, 38.80060742037357], [-79.7521077471228, 38.800018849282566], [-79.75463437743703, 38.79876057998553], [-79.75620882678771, 38.796640718730444], [-79.75969894066833, 38.79441807886931], [-79.76122895934508, 38.79251911818349], [-79.7621438611226, 38.792030388949065], [-79.76203410945277, 38.79146469806496], [-79.76284723031198, 38.791319478110665], [-79.76307303982495, 38.790423848045386], [-79.76213563075798, 38.78946608758286], [-79.76235197921437, 38.78887422736657], [-79.763507150686, 38.78934699837199], [-79.76310658022271, 38.788760197524226], [-79.7632949695142, 38.78695011696172], [-79.76568735020244, 38.78647049727468], [-79.7665173414227, 38.78507349588982], [-79.7661489207651, 38.783735946473634], [-79.76676105076602, 38.781615746216566], [-79.76660159980308, 38.778838605432185], [-79.76998717044586, 38.77878412564659], [-79.77169878176068, 38.77765767506006], [-79.77120468140495, 38.77558891479477], [-79.77051201115061, 38.77503194430808], [-79.77024388919112, 38.773884704169085], [-79.770901461369, 38.77111614378435], [-79.77280354157519, 38.768937353523576], [-79.77398020254502, 38.768787482572435], [-79.77498680255013, 38.769158473186], [-79.77556249149322, 38.770498163232375], [-79.7771531428584, 38.77239815377142], [-79.77837957408825, 38.77203248387671], [-79.78067497355673, 38.76701912235501], [-79.78281048458277, 38.76462633186631], [-79.78227244403323, 38.7630978317088], [-79.78232635373006, 38.76127811201653], [-79.78323672440528, 38.75985479095253], [-79.78490362477177, 38.75861052044509], [-79.7864426751104, 38.75607629983943], [-79.78637660402123, 38.755219539547184], [-79.78430617593754, 38.753116450276515], [-79.78380809424849, 38.75194881882113], [-79.78346265429249, 38.7506025390636], [-79.7838324628472, 38.74983141904077], [-79.78555549444421, 38.74933565899764], [-79.78793530410839, 38.75151402916803], [-79.78966374536004, 38.75206357865868], [-79.7910580968693, 38.751951829140346], [-79.79160269601874, 38.751047309711936], [-79.78985614293433, 38.74816365490777], [-79.79386876728984, 38.747682437650816], [-79.79511102593668, 38.74702839756711], [-79.79574908940151, 38.746034717832046], [-79.7963034020341, 38.74317488162011], [-79.79973648816554, 38.740173276921716], [-79.80158098905696, 38.740651756106175], [-79.80157935591976, 38.742814845153134], [-79.8017702865452, 38.74379002578067], [-79.80309108040575, 38.74531701762545], [-79.80489521999144, 38.74615547747693], [-79.8092849723746, 38.74651560779711], [-79.81083918178362, 38.74438672667481], [-79.81082272195268, 38.74329618630139], [-79.80887783163331, 38.74261859627803], [-79.80622847887487, 38.74278985567112], [-79.80489112906363, 38.742253557109755], [-79.80562367014355, 38.73971984675672], [-79.80533977915758, 38.73741907494342], [-79.8045791693183, 38.73541981477107], [-79.80477896901051, 38.73447566469401], [-79.80484888848235, 38.734422314955616], [-79.80493015996443, 38.73437808524955], [-79.80531156936271, 38.73427384517213], [-79.8094543901456, 38.734910794951645], [-79.81368353094246, 38.73380928482306], [-79.81781134267361, 38.73466206472616], [-79.81964956344285, 38.73412190502587], [-79.82066396441789, 38.73330309364995], [-79.82125361318049, 38.732425923880754], [-79.82133330542428, 38.73107502375256], [-79.81999591429054, 38.72564575250632], [-79.81875523218703, 38.72484025293883], [-79.81476961208726, 38.72446655242306], [-79.81330647028848, 38.723902042804696], [-79.81333134733364, 38.72309148940248], [-79.81453291409476, 38.72138241990333], [-79.8150299016358, 38.71984651420716], [-79.81377765911289, 38.7155711660004], [-79.81373255200751, 38.71551664001915], [-79.81353869017931, 38.715415548296946], [-79.81145765928032, 38.714664701206374], [-79.80852707005758, 38.7145177709619], [-79.80725237773741, 38.71300891020652], [-79.80743072655898, 38.71127154078668], [-79.80936307819358, 38.709182550112], [-79.81038097900498, 38.70883244983481], [-79.81249479122532, 38.709673939986644], [-79.8135635798009, 38.711117569398596], [-79.81494151280172, 38.71195155976856], [-79.81590615070327, 38.71204242105295], [-79.81843718276237, 38.7113020200123], [-79.82031125170136, 38.70994218893644], [-79.82164198362389, 38.708045179371915], [-79.82151489177414, 38.70387164817176], [-79.82434099345461, 38.70264747844204], [-79.82690437205045, 38.702718292527074], [-79.82921544532402, 38.703453268091664], [-79.83152443540445, 38.70502628771523], [-79.83431030693323, 38.70769437883699], [-79.83696965794078, 38.708243478294946], [-79.83766586755733, 38.70786290886328], [-79.83872209588861, 38.70442281487927], [-79.83809020654473, 38.70295592706822], [-79.8348513873817, 38.701274666681], [-79.83192768554224, 38.69790232630175], [-79.82953268626493, 38.69667977630182], [-79.8262456248762, 38.69587201662498], [-79.82448903132185, 38.694295435832004], [-79.82392714319649, 38.69279390645545], [-79.82510967375839, 38.69220201574632], [-79.82852694504923, 38.69206502582476], [-79.83041583349546, 38.69116475504026], [-79.83201800485584, 38.690216524238515], [-79.83352824532498, 38.687843564642556], [-79.8343539443948, 38.68726604398609], [-79.83869137709915, 38.68709286415228], [-79.83974624717773, 38.68656270099561], [-79.83986858065144, 38.685023713572235], [-79.83950060645655, 38.68530303393816], [-79.83902014701842, 38.68423561301185], [-79.83806246656874, 38.683966574117285], [-79.83852441532214, 38.68360339370683], [-79.83519007470169, 38.6839131130455], [-79.83276647486237, 38.681645143558576], [-79.83251685370617, 38.68073251306425], [-79.83509725627496, 38.67970387371014], [-79.84046862561684, 38.68026181294265], [-79.84162418605897, 38.6798947721753], [-79.84205336786405, 38.678943802190574], [-79.84175664624088, 38.67809380220103], [-79.83945177493602, 38.677016651934615], [-79.83883296596099, 38.676181461681544], [-79.8396873356614, 38.67167522125107], [-79.8396043753466, 38.670403790499655], [-79.84015108553695, 38.670003690775154], [-79.84339199687626, 38.67004475086343], [-79.8445126164471, 38.66969535115436], [-79.84511148821274, 38.66890825029324], [-79.84510294703102, 38.66800703096611], [-79.84517897325016, 38.66828664359108], [-79.84444122643316, 38.66554939930502], [-79.84541517627095, 38.66430640836329], [-79.84621521765962, 38.663872740070325], [-79.85197393695874, 38.66313631904323], [-79.85619677966716, 38.66212328857401], [-79.8568636017975, 38.66211177858322], [-79.85760976852363, 38.662894037791126], [-79.85954194229183, 38.6635437239563], [-79.86260639127168, 38.66309585822652], [-79.86336029967894, 38.662661903429914], [-79.86366334634003, 38.66021363241086], [-79.86316845726348, 38.658802939720225], [-79.86162479856748, 38.65757128487729], [-79.85886177029805, 38.65641800708878], [-79.8582653185938, 38.65561918751354], [-79.85835389068419, 38.65510639708738], [-79.86030473054566, 38.6538367563603], [-79.85993849998074, 38.65156230647523]], [[-79.8376782023245, 38.75614662315868], [-79.83767623770898, 38.75626771595942], [-79.83767632035396, 38.75626774678233], [-79.8376782023245, 38.75614662315868]], [[-79.81164561378722, 38.782636838802325], [-79.81147645742597, 38.783021983827204], [-79.81147653647771, 38.78302200973677], [-79.81164561378722, 38.782636838802325]], [[-79.79841542840366, 38.74142139036768], [-79.79841545086153, 38.74142147234567], [-79.79846038099879, 38.74139702889592], [-79.79841542840366, 38.74142139036768]], [[-79.79856694185273, 38.74130579994835], [-79.79856696700557, 38.7413058826271], [-79.79864712188171, 38.74120680887974], [-79.79856694185273, 38.74130579994835]], [[-79.80483653215562, 38.734431802206124], [-79.80483651688427, 38.734431880688405], [-79.80484886602446, 38.73442254479667], [-79.80483653215562, 38.734431802206124]], [[-79.86018007313031, 38.65227620711213], [-79.86001617640504, 38.65173382963542], [-79.86001621952418, 38.65173428704307], [-79.86018007313031, 38.65227620711213]], [[-79.86704647895516, 38.73866580290545], [-79.87693798305882, 38.742708964547], [-79.87854252147996, 38.742226922985985], [-79.8794313927755, 38.73994881348647], [-79.87353556900445, 38.73695958296661], [-79.8704054989914, 38.73758500323767], [-79.86778768967586, 38.7366075831803], [-79.86704647895516, 38.73866580290545]], [[-79.9088759507468, 38.718180797329246], [-79.90546705894094, 38.71470969731541], [-79.90345052797767, 38.717339187231474], [-79.9067481095367, 38.719016667772976], [-79.90804983036715, 38.72058313806085], [-79.91335409196401, 38.723839958325556], [-79.91275779117674, 38.71790564742391], [-79.91146951004126, 38.71883879807747], [-79.9088759507468, 38.718180797329246]]], [[[-79.81340291162074, 38.72293880289875], [-79.81349715028394, 38.722804592552194], [-79.81349713321596, 38.72280480841367], [-79.81340291162074, 38.72293880289875]]], [[[-79.81377760970554, 38.715571341230365], [-79.8137325268547, 38.71551672623236], [-79.81377765911289, 38.7155711660004], [-79.81377760970554, 38.715571341230365]]], [[[-79.76513471831775, 38.91119568125909], [-79.76222430884955, 38.91105443260198], [-79.7569210659422, 38.91187170226281], [-79.75244152425147, 38.91350577299924], [-79.75197775551132, 38.91319178307313], [-79.75276274472908, 38.911609082539236], [-79.75417343389842, 38.91098884201316], [-79.76118163699422, 38.9101855416376], [-79.76523931904775, 38.91066883162668], [-79.76513471831775, 38.91119568125909]]], [[[-79.92878347263905, 38.51454508675757], [-79.92938886258038, 38.515746046842814], [-79.92826810197404, 38.517844536496604], [-79.9286361920516, 38.51932582683144], [-79.93078155220638, 38.52085936706021], [-79.9323328744301, 38.52300927733542], [-79.93391070503954, 38.523366078215176], [-79.9359614959511, 38.52510593743809], [-79.93586715577828, 38.5260603184891], [-79.93662716554294, 38.527427979054536], [-79.93648358601446, 38.529391218676615], [-79.93600884525142, 38.530468319309634], [-79.93750000460561, 38.53204979893243], [-79.93716939673327, 38.53347072011732], [-79.93795875355995, 38.535190085050886], [-79.93737611704645, 38.53658161962291], [-79.93579415598334, 38.53804517991019], [-79.9358139368859, 38.53982066079166], [-79.93390396587827, 38.54329082069674], [-79.93384678451719, 38.54405629196477], [-79.93162845511016, 38.545081451991926], [-79.93052208641299, 38.546179792712834], [-79.93047666579558, 38.55002735283481], [-79.92833970399039, 38.55483807423619], [-79.92729507470605, 38.554855554375315], [-79.92650680573918, 38.55383903398186], [-79.92516383427089, 38.55385376406498], [-79.9235185033527, 38.55413605518398], [-79.92089338264904, 38.55547267439575], [-79.91491546992904, 38.556904404754604], [-79.91279597047463, 38.55818244560498], [-79.91156634124238, 38.5598111453633], [-79.9086743598139, 38.560550246171864], [-79.90235831672936, 38.56304155703277], [-79.90130884642396, 38.564879106746886], [-79.89676849687334, 38.56755796818591], [-79.89734947779176, 38.56830646769866], [-79.89775636520812, 38.57125939894583], [-79.90013845749142, 38.57371481929379], [-79.90262613865154, 38.57485313839726], [-79.90480862977029, 38.5765525888166], [-79.910432391571, 38.57985432113057], [-79.91093679200979, 38.58224924033142], [-79.9102594110816, 38.583573771248965], [-79.9086285394462, 38.584688470760184], [-79.90400198935754, 38.58935726187193], [-79.90238148967045, 38.59012952245408], [-79.89726903814963, 38.591143822607734], [-79.89434051684867, 38.592894123481294], [-79.89382519738763, 38.593574943392106], [-79.89380557638519, 38.5944730329561], [-79.89635963945155, 38.59730277406443], [-79.89626389790688, 38.59793889408391], [-79.89558662747145, 38.598387694278195], [-79.88996104568396, 38.59675409366707], [-79.8880918042913, 38.596768363513476], [-79.88664008546966, 38.597416204531875], [-79.88548113388731, 38.596080944753815], [-79.88465850615746, 38.595811783960635], [-79.88303966206543, 38.59430945404385], [-79.88262894333437, 38.593395373840934], [-79.87941492126645, 38.591841733554794], [-79.87771558093841, 38.59385744427368], [-79.88275903376056, 38.59665552458165], [-79.87935987340414, 38.60047493464293], [-79.87986252392476, 38.60401922548115], [-79.87875377289544, 38.60517690631026], [-79.87751054316976, 38.6059183266046], [-79.8769900619891, 38.605435766659284], [-79.8749197920089, 38.60711637658358], [-79.87349496156034, 38.61035042822126], [-79.87026165176495, 38.61396800824376], [-79.86795681100283, 38.612826108170566], [-79.86408610698747, 38.607372147543515], [-79.85696734643302, 38.602031636385746], [-79.84971737345661, 38.59898832670668], [-79.84923278536144, 38.59840403560078], [-79.84987694035875, 38.594314347958836], [-79.85184622706805, 38.592451318092614], [-79.85351710876789, 38.58783668298704], [-79.85617662416712, 38.58421430410037], [-79.85653393535958, 38.58318673037648], [-79.85621440910461, 38.5794361019619], [-79.85514088820409, 38.57783937042182], [-79.85502225039947, 38.57655929840974], [-79.85602160908506, 38.57326767613613], [-79.85758752264394, 38.57167687138688], [-79.85695774074769, 38.56997542614893], [-79.85813840910204, 38.56798429226486], [-79.8592862655923, 38.56442225903474], [-79.85913231950543, 38.56022133187063], [-79.8617560442271, 38.55718338720103], [-79.86219579560984, 38.55250820263501], [-79.86274672339042, 38.55119497451093], [-79.92878347263905, 38.51454508675757]]], [[[-79.84572366582435, 38.79647696579152], [-79.84965938630671, 38.79207758455834], [-79.84510698495822, 38.79011974432888], [-79.84459731500199, 38.788880164366276], [-79.85413899806603, 38.792027714301554], [-79.85678488781905, 38.78520736302977], [-79.86019781845044, 38.78670687363399], [-79.86724390260345, 38.78838677342362], [-79.866939712387, 38.789610443073165], [-79.8688942326462, 38.79404704321116], [-79.86829621158515, 38.796398254803414], [-79.86403166997957, 38.795576374963076], [-79.86089393015062, 38.79428565452453], [-79.85812929928673, 38.79587650455741], [-79.85405719747625, 38.792491174605075], [-79.84940847606806, 38.80454165778349], [-79.85386441901629, 38.80492645695104], [-79.85202538796663, 38.806604446793074], [-79.84879600740231, 38.80642781663385], [-79.84848883837236, 38.80737439737849], [-79.84446346692296, 38.80770643789927], [-79.84261751525237, 38.80610266756209], [-79.83623750313645, 38.80380135817439], [-79.84036961420453, 38.80325249703417], [-79.84255660588285, 38.80156137673656], [-79.84104132406833, 38.79992345761666], [-79.84572366582435, 38.79647696579152]]], [[[-79.86422948080177, 38.92877025070601], [-79.86469674937827, 38.928901680579585], [-79.8640752706102, 38.93024972123799], [-79.8635796494067, 38.93017976125876], [-79.86422948080177, 38.92877025070601]]], [[[-79.87287928231575, 38.62875089163817], [-79.86856299056328, 38.62402151079748], [-79.86780817216267, 38.62259247973825], [-79.8677880984093, 38.621193070329056], [-79.86996033166582, 38.61832698007206], [-79.86995801131746, 38.61706187885782], [-79.87421249089354, 38.61326615846236], [-79.87479524239139, 38.611947547957655], [-79.87637401353693, 38.61226537846488], [-79.87758973235701, 38.611856797544185], [-79.87821900311185, 38.61123698766785], [-79.8776225217632, 38.612338146995256], [-79.87500556315223, 38.6146436173323], [-79.87817719372191, 38.616466948954574], [-79.87835207414814, 38.618118208499965], [-79.87946444359143, 38.61897592843443], [-79.88042252558803, 38.62163446946447], [-79.8822824864855, 38.62169728904029], [-79.8841091962427, 38.62093970965469], [-79.88564323577867, 38.62127872898764], [-79.88820509622167, 38.62051905927943], [-79.89037734834282, 38.62118847886258], [-79.8920424673501, 38.62047430924369], [-79.89600340893236, 38.620076134464156], [-79.89658517677498, 38.62050282125213], [-79.896059700063, 38.62191702833523], [-79.89635416960978, 38.62246148852535], [-79.89817668153965, 38.62349684891843], [-79.90018678146382, 38.62348878849353], [-79.90082326209713, 38.62393632984355], [-79.90018626044096, 38.62502974839993], [-79.90011724108103, 38.62600902971158], [-79.89774717993434, 38.62375864906057], [-79.89604940986142, 38.62309950854678], [-79.88956185413464, 38.62368819829627], [-79.88728117266375, 38.62472007123067], [-79.88086896402973, 38.62950749095082], [-79.87959227385635, 38.63008960175074], [-79.87448011338972, 38.62961670063915], [-79.87287928231575, 38.62875089163817]]], [[[-79.99993336241629, 38.47513300457794], [-80.00007001144238, 38.475370905464494], [-79.99839628028646, 38.476671636507476], [-79.99742515115868, 38.47934065648623], [-79.99279599954896, 38.481876837138984], [-79.99082224815614, 38.48375685771905], [-79.99301627993133, 38.4864211277779], [-79.98820196937187, 38.48583348779097], [-79.98541878829735, 38.492072369592705], [-79.9859683488421, 38.49344339964759], [-79.98552466822834, 38.49362501955326], [-79.98625001919271, 38.495431930436574], [-79.9730745744476, 38.50125939181962], [-79.97749955695954, 38.50425787226373], [-79.96844267309478, 38.510820653597065], [-79.96772362471046, 38.51496272406345], [-79.98898356026292, 38.51941702521028], [-79.99346441349397, 38.521436625329905], [-79.99439016242856, 38.5229394354275], [-79.99456372412797, 38.52410469552812], [-79.99538464326216, 38.524782474861524], [-79.99298181426883, 38.52911487683484], [-80.00313233590659, 38.533208646902914], [-80.00822922860665, 38.5370970471314], [-80.01158740063327, 38.538261756860166], [-80.01135449892114, 38.54093906744173], [-80.00993969995936, 38.54135942813613], [-80.00903742849474, 38.54220774798103], [-80.00488719661074, 38.541097888147135], [-80.00427854668325, 38.53785850749038], [-80.00375674767406, 38.53657270693468], [-80.00260967631134, 38.53537747761898], [-79.99899166479216, 38.537306248255376], [-79.99847141537683, 38.536553477616444], [-79.99959556622507, 38.535528257166796], [-79.9965707841532, 38.53270572717129], [-79.99528377413385, 38.534074037909384], [-79.99369019426085, 38.535034627711234], [-79.9917435225823, 38.53390342729141], [-79.9913588028922, 38.53075971683328], [-79.9895623331224, 38.53091168664055], [-79.98815680028277, 38.5302871268187], [-79.98756621188237, 38.52901354661229], [-79.9864408716647, 38.52917738594104], [-79.98577241100728, 38.53154790691075], [-79.98174844003141, 38.53017370629935], [-79.9812062393838, 38.527875337100525], [-79.97075380655548, 38.52524906623716], [-79.96769580478441, 38.52481719604106], [-79.96545192279915, 38.52497639670421], [-79.96595374507307, 38.52629859658087], [-79.96430034369035, 38.52587253620992], [-79.96198480399318, 38.52922134748417], [-79.96860199380201, 38.538600813930856], [-79.95573046349055, 38.55772883302652], [-79.96676114725716, 38.557663283170996], [-79.97118432774866, 38.558799622764546], [-79.98025429108395, 38.56827640520738], [-79.98254161379974, 38.56785741415902], [-79.98273576219053, 38.56678553442285], [-79.98188191171633, 38.566187954178815], [-79.98214745191767, 38.56571174435983], [-79.98504458338768, 38.567397164836386], [-79.98615994332253, 38.56724379503344], [-79.98513872323619, 38.574393355268015], [-79.99272672596582, 38.57777238591448], [-79.9969435778096, 38.577796196346156], [-79.99678432627265, 38.577549625793885], [-79.9978019495046, 38.57725941509169], [-79.99845909767765, 38.57787097600861], [-79.99790640740248, 38.578444166421725], [-79.99960681852231, 38.58033950669719], [-79.99913417891872, 38.58131593670878], [-79.9980650292204, 38.580641026486894], [-79.99763678884972, 38.58170046665507], [-79.9938160455372, 38.58216968728056], [-79.98846991436325, 38.58648150874755], [-79.99068806680214, 38.58737700824598], [-79.98912371721019, 38.59811916136064], [-79.99928706050197, 38.606493081801176], [-80.00133039090512, 38.61105971203289], [-80.00097076116091, 38.611078422336874], [-80.00151683175076, 38.615362303486435], [-79.99985127167068, 38.61784385364545], [-79.99950218096139, 38.62032856472481], [-79.99644639174088, 38.620731533836995], [-79.99638420137374, 38.62304406499061], [-79.99210533972423, 38.62487042542661], [-79.99511735044767, 38.626951765378706], [-80.00070180107326, 38.62052289489526], [-80.00447683361256, 38.62191009488368], [-80.00790064374034, 38.62152317367791], [-80.00876091357556, 38.62229255384916], [-80.01013394446989, 38.62229613390265], [-80.01042775375491, 38.61825404355213], [-80.02437266752462, 38.6141940224557], [-80.02812565001693, 38.61458394174655], [-80.02699732020598, 38.619263953363024], [-80.0286848108571, 38.620026443086935], [-80.02688293861918, 38.622591703513436], [-80.0258424802127, 38.62304616345125], [-80.02289642828899, 38.620746192652746], [-80.01889131834082, 38.6238402544602], [-80.01860880806544, 38.62655262510561], [-80.02136097839802, 38.628390384224204], [-80.01984280939818, 38.62921875486925], [-80.01906906888442, 38.63051895597263], [-80.00243986238328, 38.62792830596255], [-80.00141031221933, 38.62839931640313], [-80.00146830206417, 38.62691596505454], [-79.9918249898971, 38.630255367175316], [-79.99332015933071, 38.63194076606377], [-79.98563382611177, 38.63263307760939], [-79.98214128677988, 38.63409618750952], [-79.97842855779547, 38.64763389046111], [-79.98524297901311, 38.649064120192136], [-79.98043894607882, 38.6526646011365], [-79.97390182400959, 38.646698410447684], [-79.97272358469979, 38.647499390760714], [-79.96745654300007, 38.64309088981949], [-79.9694396647196, 38.6394065895308], [-79.97138356419721, 38.637498718406306], [-79.97186123346808, 38.6345471284177], [-79.97277154305786, 38.63199799778869], [-79.97657295462545, 38.62512940631252], [-79.97807404395678, 38.62162069585086], [-79.98048517517996, 38.61985263529291], [-79.98277367648541, 38.621755444841554], [-79.98490243667206, 38.62041593482941], [-79.98249846592, 38.61830815374402], [-79.98278632566291, 38.617436354511135], [-79.98014259456153, 38.61207032328675], [-79.97921532388087, 38.61236422373022], [-79.97799344441454, 38.6103317338723], [-79.97323169248574, 38.610529733538804], [-79.96918964111816, 38.611498503351314], [-79.96975217153897, 38.61051154393783], [-79.96260595936774, 38.60789309389017], [-79.96038343842162, 38.609928752663194], [-79.960892487642, 38.604111972500604], [-79.96655238956491, 38.60274116249149], [-79.96628640200255, 38.60496387251477], [-79.96679236012004, 38.60580974210735], [-79.96688742074168, 38.60798660316], [-79.96911175089481, 38.608653223029144], [-79.96935902115992, 38.60948266260212], [-79.97037224174865, 38.610039473289596], [-79.97242085155072, 38.60921216288562], [-79.97523864291651, 38.606317812666205], [-79.97378163211953, 38.60547275214863], [-79.97221201121347, 38.60577872234761], [-79.97102752142591, 38.6048413124745], [-79.97747387322727, 38.60346307219961], [-79.97635603394222, 38.602825762066885], [-79.98147106362788, 38.593527369493415], [-79.98155781213823, 38.592766550036586], [-79.97971615261807, 38.592917340522106], [-79.9755970725115, 38.59477015019453], [-79.97356713059935, 38.59399280990935], [-79.97059884986392, 38.58905138878015], [-79.97476166445009, 38.58911076962879], [-79.97486804025108, 38.584155588405494], [-79.96644107931806, 38.58302442836389], [-79.96440255759664, 38.57721295683136], [-79.96186464623908, 38.575365747165584], [-79.9616270454397, 38.5747322862064], [-79.9502077037688, 38.58088849863514], [-79.94660510195, 38.58162297825923], [-79.94014582069677, 38.58566078929491], [-79.93779873037018, 38.59563916161268], [-79.94018850235086, 38.59961940296485], [-79.95001740376068, 38.603627102708856], [-79.95068617523519, 38.604880562935314], [-79.94858112428383, 38.60694048420537], [-79.94114136154239, 38.60466539345941], [-79.93870394112243, 38.60862825405377], [-79.94692813432953, 38.61125885455722], [-79.94438043492865, 38.615526785489934], [-79.9443374146097, 38.618615736147326], [-79.94219404422326, 38.62321698636597], [-79.94088869330075, 38.622467417602], [-79.9395259229636, 38.6244060878033], [-79.93820250242916, 38.625024647667274], [-79.93872191191969, 38.62679380744593], [-79.93289522159459, 38.627192278276475], [-79.93272239112382, 38.62907392848924], [-79.9307903098821, 38.62970595909521], [-79.93017068074519, 38.63265341030484], [-79.93137134200448, 38.63359324049015], [-79.93486453081833, 38.63454089018234], [-79.93596853335305, 38.636200120963636], [-79.93799210441318, 38.63680729026723], [-79.93934519360654, 38.63813820024262], [-79.94170286429052, 38.63889387040879], [-79.94354970529325, 38.63883574043614], [-79.94561203596297, 38.63786296067784], [-79.94440551589139, 38.63559326930054], [-79.94659366639642, 38.634627459859196], [-79.95251379768075, 38.63683374964953], [-79.95417676791787, 38.640433389912495], [-79.95790677869172, 38.64323667016185], [-79.95953321085297, 38.64495467084665], [-79.96492134096141, 38.648355311877275], [-79.96788937376184, 38.649544512021265], [-79.96855124437833, 38.64910662138744], [-79.9695061741866, 38.65004879162441], [-79.96884845378672, 38.65037337133783], [-79.97025702472862, 38.652238161878046], [-79.96921080452793, 38.652549502781504], [-79.97005872342629, 38.65272918173747], [-79.97162029452909, 38.65457691178342], [-79.96951475489419, 38.65463996275642], [-79.97091238435596, 38.65845294291061], [-79.97463141592041, 38.65723727325255], [-79.97634968554812, 38.65851039337026], [-79.97386320633385, 38.659191093527006], [-79.97342026593186, 38.66141629365424], [-79.97156468521973, 38.66155610385281], [-79.97071004512641, 38.66285688340943], [-79.96886794543175, 38.661674863323974], [-79.96712694303748, 38.65972188312222], [-79.96582702332918, 38.65945088337071], [-79.96247960233988, 38.65976930369436], [-79.96171287317691, 38.6601760543579], [-79.96137130136651, 38.66178527327475], [-79.95987126126742, 38.6624053841287], [-79.95593100069964, 38.66191813423203], [-79.95786334155447, 38.65770687331711], [-79.95901909064283, 38.657770054115964], [-79.95980170112172, 38.656475573525064], [-79.95841875103004, 38.656174633317995], [-79.9581963110977, 38.65652706353507], [-79.95664953075605, 38.65650772321822], [-79.9566060693643, 38.65568853359229], [-79.96011583119679, 38.65595598323703], [-79.96146522112778, 38.653723873203106], [-79.95731489132744, 38.65039322194088], [-79.95615631883415, 38.65035848215419], [-79.95357553897293, 38.6491982921282], [-79.95178214862791, 38.64904808226345], [-79.95310831890546, 38.64674407092239], [-79.94615393567496, 38.64106674121152], [-79.94474077613856, 38.64278279145618], [-79.94484042804966, 38.64327518044403], [-79.94430146672697, 38.64403946076352], [-79.94192373486607, 38.64543552171675], [-79.93928595420512, 38.64767580106841], [-79.93182684175245, 38.643529161716074], [-79.92906386199206, 38.64015905096998], [-79.926765719967, 38.63877647090049], [-79.92790903098192, 38.63640078021996], [-79.92787116968765, 38.633786009874115], [-79.92743319068099, 38.63217227999349], [-79.92636650865475, 38.63112626953538], [-79.92176643640907, 38.629586769782044], [-79.91353723419594, 38.63003377903586], [-79.90384184220026, 38.62889589060414], [-79.90195655150673, 38.62785695961379], [-79.90050964226513, 38.62636993789248], [-79.90106790029846, 38.623713329063065], [-79.90013356167312, 38.62319086936127], [-79.89844423127231, 38.623256138344104], [-79.89647482053897, 38.622084139123146], [-79.89697141192296, 38.620412835450765], [-79.8962112198003, 38.619792728216396], [-79.89225532854657, 38.62007972726169], [-79.89033694930787, 38.62082763935344], [-79.88813025757536, 38.62015788863624], [-79.88572892607361, 38.62093709878411], [-79.88382666620437, 38.620639639291014], [-79.88243668589728, 38.62138335975494], [-79.88068012468229, 38.621441279290025], [-79.8802150740462, 38.620938609158706], [-79.88007420473494, 38.61935059903873], [-79.87858854396859, 38.61796175839178], [-79.8783825045784, 38.616380318044556], [-79.87523675267543, 38.6146181387502], [-79.87741745345181, 38.612852968077675], [-79.87858838317015, 38.61126441744451], [-79.87814196269477, 38.611021887792525], [-79.87632270176789, 38.61208857777234], [-79.8749080833675, 38.61177851832383], [-79.87608168287885, 38.609751696315904], [-79.87602284143112, 38.608381157600824], [-79.87748063376239, 38.60700708700213], [-79.87983526275085, 38.60615633723869], [-79.88064549462808, 38.605020475714774], [-79.88086385261575, 38.60360591585364], [-79.88385048413582, 38.60271024530509], [-79.88475903482428, 38.60332865600251], [-79.88618020553639, 38.60254153579695], [-79.88778176604235, 38.600948044757104], [-79.88876165554079, 38.59892623423857], [-79.88995960658288, 38.59888712444405], [-79.89137641597425, 38.59983126404899], [-79.89622100784364, 38.60101773437731], [-79.8972829189174, 38.59852658416842], [-79.8973214979656, 38.59825659497759], [-79.89732650786995, 38.597931363659825], [-79.89729622206845, 38.59765171870287], [-79.89725487800582, 38.59746089453097], [-79.89459724817034, 38.59468038346931], [-79.89431960945875, 38.594064181516664], [-79.89458073803375, 38.593508723420484], [-79.89727270776758, 38.59167770279231], [-79.90060708881221, 38.59138461284601], [-79.90511248132188, 38.58958843157648], [-79.9070319906412, 38.587939201247046], [-79.90929600117704, 38.58476119071384], [-79.91074203006967, 38.58425413041429], [-79.91157802203601, 38.58342165080916], [-79.91176931737745, 38.58215194342779], [-79.91122533087905, 38.579399209799256], [-79.90847825219748, 38.578094009718626], [-79.9000626369865, 38.57285169904215], [-79.89855185752818, 38.57029623924147], [-79.89830181685873, 38.56862674883163], [-79.89778798680443, 38.56825306852434], [-79.89826379656265, 38.56746172741318], [-79.90809398076672, 38.56140599679822], [-79.91304151148282, 38.55981294502666], [-79.91491974051988, 38.558279175072194], [-79.91821800210359, 38.556618265103545], [-79.92480426381547, 38.55542164430834], [-79.92808237528904, 38.55538200432612], [-79.92916958561617, 38.55485322420552], [-79.93075747466183, 38.55258877415986], [-79.93114403589826, 38.55161507363385], [-79.93105712569115, 38.54773612296565], [-79.93151461610579, 38.5462318319379], [-79.93431646596854, 38.54420375111377], [-79.93629077611344, 38.54059521046861], [-79.93660342666324, 38.53858331086837], [-79.9385661781854, 38.53510330898845], [-79.93801342772309, 38.531832838569784], [-79.93719147552633, 38.52997501915338], [-79.9372795652214, 38.52660157786922], [-79.93671739502504, 38.52439383756337], [-79.93590765632287, 38.52356309759496], [-79.93216355547376, 38.52160974715851], [-79.92962973234908, 38.51816697667984], [-79.92959176235865, 38.51709676552972], [-79.93074137102822, 38.51340633168969], [-79.99993336241629, 38.47513300457794]], [[-79.96795688934196, 38.51361783451735], [-79.96772366962621, 38.5149616873113], [-79.96772373430491, 38.51496170136898], [-79.96795688934196, 38.51361783451735]], [[-79.99340561247044, 38.521461894501186], [-79.99349056435021, 38.52170432038208], [-79.99340570499689, 38.521461856548925], [-79.99340561247044, 38.521461894501186]], [[-79.97277154305786, 38.63199799778869], [-79.97316172360658, 38.63236827767111], [-79.97371370241606, 38.63150151735248], [-79.97277154305786, 38.63199799778869]]], [[[-79.89732650786995, 38.597931363659825], [-79.89732644858114, 38.5979322244001], [-79.89729627866231, 38.59765258436104], [-79.89732650786995, 38.597931363659825]]], [[[-79.92109484961445, 38.65511458443852], [-79.92117117946414, 38.65459162471098], [-79.92332903967613, 38.65356001478766], [-79.92377958072372, 38.65368013374672], [-79.92369177938784, 38.65263399450215], [-79.92013375826166, 38.64966071315447], [-79.92032442837564, 38.64886135308292], [-79.92230702997065, 38.646252302830874], [-79.92543751949692, 38.64755862361572], [-79.93175004208386, 38.65323681398894], [-79.93113341242172, 38.65582109439122], [-79.9314913829776, 38.65862792469376], [-79.93023179313397, 38.658940384736944], [-79.92923120016319, 38.6600535353603], [-79.92612498131923, 38.659791794819796], [-79.92498163167674, 38.659313615402944], [-79.92467682072444, 38.65829756499726], [-79.92403292090519, 38.65836329445536], [-79.92210666164483, 38.656320894225686], [-79.92235294016987, 38.656091115250284], [-79.92109484961445, 38.65511458443852]]], [[[-79.94707413841097, 38.67912691850735], [-79.943105168585, 38.68652814914693], [-79.92763596289849, 38.68100464965607], [-79.93285531393809, 38.67500698752256], [-79.93920601582293, 38.67653173792115], [-79.94707413841097, 38.67912691850735]]], [[[-79.9371208041646, 38.662167924930685], [-79.93146064173025, 38.664991816043475], [-79.92908795211304, 38.66421480605578], [-79.93039373332856, 38.65979210416655], [-79.93161336341339, 38.65907492468792], [-79.9340049428044, 38.65918709443261], [-79.93620607396531, 38.66058414530347], [-79.9371208041646, 38.662167924930685]]], [[[-79.94430551723057, 38.67388472625293], [-79.9460573371375, 38.672337916919936], [-79.94834385047123, 38.6749536775542], [-79.94297272636942, 38.67562994761452], [-79.94184622642672, 38.67498157668105], [-79.94192774674211, 38.67407360779424], [-79.94430551723057, 38.67388472625293]]], [[[-79.94839596713074, 38.65856190436489], [-79.95459923930778, 38.66179812448447], [-79.95355834970997, 38.662638065040696], [-79.95150812024545, 38.66296695484883], [-79.95081727896101, 38.66369646504201], [-79.95482783180148, 38.668745756430475], [-79.95756051138736, 38.67121411571218], [-79.9582674531766, 38.67284372627753], [-79.95252158068438, 38.672011646902334], [-79.95207035062894, 38.670198016028486], [-79.94998720958736, 38.66600416484868], [-79.94830422847897, 38.66539611507053], [-79.94903025767138, 38.66405424448815], [-79.94597758740154, 38.662739254511706], [-79.9446930172065, 38.661234304861175], [-79.94450255729826, 38.659635125602364], [-79.9454581662329, 38.65834409422898], [-79.94611484548537, 38.65634377366219], [-79.94803521808568, 38.65486945385527], [-79.95035328025217, 38.65470352297482], [-79.94839596713074, 38.65856190436489]]], [[[-79.94787737780206, 38.62189589390397], [-79.9498972460066, 38.621434036280114], [-79.95032877600784, 38.62172879671413], [-79.95175476618142, 38.61702067539702], [-79.95328750675348, 38.61771916575238], [-79.95642354786824, 38.61699259576956], [-79.95533559553269, 38.61359347517642], [-79.95838204856246, 38.61453923503573], [-79.95738448830407, 38.61680316573648], [-79.9577782782836, 38.61991773606077], [-79.9589252202889, 38.6211063658186], [-79.96129441006977, 38.62206738560083], [-79.9596934783845, 38.62399012624708], [-79.95973570728769, 38.625134066303616], [-79.9596934792828, 38.62399407677522], [-79.95973561565953, 38.62513406490003], [-79.95619995719402, 38.62508586766403], [-79.95665063927711, 38.626006357969196], [-79.95359799775333, 38.62643700759011], [-79.94840758594063, 38.62478735722514], [-79.94787737780206, 38.62189589390397]]], [[[-79.96074480371095, 38.6798471875101], [-79.96118069323627, 38.679675868428085], [-79.96605170635479, 38.682035458209796], [-79.96969385650397, 38.68528679936928], [-79.9700513770039, 38.68651117859104], [-79.96365241402874, 38.68600299826071], [-79.96089754425873, 38.68423865914218], [-79.95979846269512, 38.68569767826088], [-79.95370878158745, 38.6831201483877], [-79.95410732185819, 38.679397737198336], [-79.95450058093338, 38.6785456983605], [-79.9555206817189, 38.678068627386686], [-79.95948085344496, 38.67888525799925], [-79.96074480371095, 38.6798471875101]]], [[[-79.96774641586752, 38.6704944450649], [-79.96671692319572, 38.6725039458097], [-79.96497221435258, 38.67153945656717], [-79.96406117353416, 38.673531946630334], [-79.96090629295126, 38.673071456200155], [-79.96114632099857, 38.67153379595917], [-79.9589217231475, 38.66769542549525], [-79.95960675233201, 38.66492219489859], [-79.96349704231551, 38.66609951457711], [-79.96509883368851, 38.66892021578812], [-79.96774641586752, 38.6704944450649]]], [[[-79.99820276430965, 38.502216964333506], [-80.00501392733776, 38.50221272027869], [-80.0082236060513, 38.50576024170362], [-80.00579810627515, 38.506150391167466], [-80.00275503540243, 38.50499540199908], [-79.99710445350057, 38.505910772593545], [-79.9921706364656, 38.507674309549294], [-79.9913342240877, 38.5058660896229], [-79.99188491201812, 38.50540281156364], [-79.9950040926533, 38.504129281007266], [-79.99820276430965, 38.502216964333506]]], [[[-80.0031850688104, 38.59022608814586], [-80.00283495042841, 38.58679400803371], [-80.00127788976665, 38.58610704708912], [-80.00339782041239, 38.58107378688236], [-80.01722129453209, 38.58208835610305], [-80.02376639543768, 38.57899163560554], [-80.02467497487224, 38.57795222488074], [-80.02103050437468, 38.57561848500188], [-80.03031024678671, 38.57440245429461], [-80.03077322770436, 38.57802566445592], [-80.03182134694357, 38.57837000043184], [-80.03137635119622, 38.57913332007596], [-80.0292758870427, 38.58098838499636], [-80.02789993842032, 38.58008240485757], [-80.02255412614828, 38.582126695577806], [-80.02173555610857, 38.58421084573492], [-80.01808876436432, 38.58612003685745], [-80.01746259459384, 38.58780519764394], [-80.01815851495286, 38.588413097553435], [-80.01696621521224, 38.589781348022974], [-80.01483568354783, 38.58840189661472], [-80.01398912290217, 38.59013483771669], [-80.01346598270825, 38.59433805859756], [-80.01031541224212, 38.59605706877118], [-80.00870874301711, 38.59982576065189], [-80.0050484010851, 38.597269169787175], [-80.00282373945366, 38.59215447842768], [-80.00433655000282, 38.59295502826428], [-80.00505422935468, 38.59145365876547], [-80.0031850688104, 38.59022608814586]]], [[[-80.01683810197798, 38.53189476627557], [-80.01971321124879, 38.53223422649677], [-80.02052161056285, 38.53269156616719], [-80.02252244256822, 38.53235678606407], [-80.0245846834064, 38.53257220591002], [-80.02605205357524, 38.5335126053647], [-80.02714699300707, 38.53507016608708], [-80.02939537465359, 38.53411741603404], [-80.02998677423268, 38.52895074502136], [-80.02864461394309, 38.528864754834714], [-80.02876191325794, 38.52642444468493], [-80.03627403709214, 38.52691768485056], [-80.03503264711618, 38.53380983631011], [-80.03545663665894, 38.53407268592192], [-80.03532754605766, 38.539470187299656], [-80.033863766455, 38.5412936476498], [-80.03431970637747, 38.543275328229605], [-80.0237241440766, 38.53898112751478], [-80.01228101861025, 38.53687384683194], [-80.01427171043267, 38.535223156925824], [-80.0110890889755, 38.53356002646798], [-80.01218894937846, 38.53238055602841], [-80.01444776046543, 38.531580026165486], [-80.01581303979715, 38.53260845664529], [-80.01562536107306, 38.53285164676784], [-80.01683810197798, 38.53189476627557]]], [[[-80.01180287053734, 38.55003176970568], [-80.01806231167413, 38.545301368929074], [-80.01892656194437, 38.54395963821178], [-80.02421998267242, 38.54497559850277], [-80.023088773761, 38.546224768224306], [-80.02401156364502, 38.54670438887002], [-80.02387474483737, 38.547455458449626], [-80.022444894603, 38.548670309620114], [-80.02127130317648, 38.54876271924421], [-80.02047937357482, 38.54927914911378], [-80.02031752321177, 38.55045976932119], [-80.01935484184091, 38.551244759205524], [-80.01920330234067, 38.55204444989763], [-80.0182056423693, 38.552317720063414], [-80.01762959230346, 38.553158560283265], [-80.01505211105597, 38.55368197027861], [-80.01362764173015, 38.55208475981684], [-80.01176652110767, 38.55226356995962], [-80.01180287053734, 38.55003176970568]]], [[[-80.0232296619369, 38.51387713165873], [-80.02032304066424, 38.5140093816344], [-80.01948550988382, 38.51201383202001], [-80.0183501390777, 38.51106300214526], [-80.01707118874307, 38.51072265126863], [-80.01705937230382, 38.50835714172966], [-80.02256525986792, 38.509361351173375], [-80.02353554098609, 38.50985651129263], [-80.02590314164723, 38.509220042322575], [-80.02785334280655, 38.50960820974429], [-80.03040925280911, 38.511111341295], [-80.0365999144362, 38.513618201429054], [-80.03666490575037, 38.51419080207786], [-80.0318731231416, 38.515633632416524], [-80.03166499427006, 38.515045692302124], [-80.02571957181722, 38.514783812754416], [-80.02456940306342, 38.51657120278971], [-80.02345917161053, 38.51608624253597], [-80.02281798111017, 38.514543722454114], [-80.023302271863, 38.51463903244855], [-80.0232296619369, 38.51387713165873]]], [[[-80.01989659243257, 38.560696871420745], [-80.02548305438607, 38.557613561225835], [-80.02485800481476, 38.55832065038789], [-80.03219797640624, 38.5549257200593], [-80.03127376718405, 38.56366330166423], [-80.03039217583557, 38.56354914145926], [-80.0286044376903, 38.56430422208066], [-80.02584809558155, 38.566083692460246], [-80.03071127718742, 38.56722962256831], [-80.03054297781893, 38.571801563426064], [-80.02699419676375, 38.57193466349888], [-80.02087942571019, 38.57319543405793], [-80.0177028921357, 38.57185560399708], [-80.01887612423612, 38.56966991368933], [-80.01921075386598, 38.56819723351629], [-80.01898435326154, 38.56682988246486], [-80.01931214311882, 38.564429392605305], [-80.01862033345053, 38.563924272109375], [-80.01989659243257, 38.560696871420745]]], [[[-80.03562741358097, 38.486496176152976], [-80.04014510492519, 38.486490845491936], [-80.04022130451916, 38.48708309633084], [-80.03151175246238, 38.48945782653764], [-80.03152220166577, 38.48726875641407], [-80.03549010429315, 38.48751707661646], [-80.03562741358097, 38.486496176152976]]], [[[-80.24524451183723, 38.38880079035929], [-80.24511986104847, 38.38864930143049], [-80.24539328686693, 38.38847528509557], [-80.24524451183723, 38.38880079035929]]], [[[-80.1953263178188, 38.42173800674045], [-80.19473267065486, 38.43954418985244], [-80.19587672906812, 38.440563710429004], [-80.20075723019266, 38.44038325007783], [-80.20182505038437, 38.44110282035851], [-80.20662951271336, 38.44182171012441], [-80.21105323399065, 38.44362009050437], [-80.2122734048613, 38.44361981118362], [-80.21524723449023, 38.442479600656824], [-80.22070041970483, 38.44346764440143], [-80.19105989293865, 38.50961544656691], [-80.18642565098195, 38.5140877456278], [-80.18610896250493, 38.513689024485544], [-80.1827855319236, 38.517495978073505], [-80.18591913170215, 38.52117945595179], [-80.1849633713236, 38.523263032309764], [-80.17962094953566, 38.52344871840006], [-80.17543034287124, 38.52476216220824], [-80.17549183884063, 38.52611662405275], [-80.172407237954, 38.52841564816955], [-80.17064423761505, 38.5306905900955], [-80.16805240667921, 38.53191758983243], [-80.16607350614319, 38.5351693403732], [-80.16532061642548, 38.53572250068772], [-80.1593270837993, 38.537489491708556], [-80.15769372383058, 38.537371681056385], [-80.15045209260988, 38.53520816092468], [-80.14983387113304, 38.53548792180482], [-80.14870850216927, 38.533526621450704], [-80.14897443044282, 38.53202752986058], [-80.1505741215547, 38.52930411024989], [-80.15016796087542, 38.527168138998135], [-80.14943691189718, 38.52544229950325], [-80.1475325212241, 38.52375788927197], [-80.14460903857358, 38.519397758273534], [-80.14495190844951, 38.51603633791534], [-80.14460487847549, 38.513888266895165], [-80.14576061947899, 38.50901975648331], [-80.14562716845535, 38.50828522596784], [-80.14076188658834, 38.505230035991254], [-80.13549496436454, 38.50012536513093], [-80.13273936426421, 38.49815884412197], [-80.13173862307139, 38.4968539246425], [-80.13057723256307, 38.493832123874874], [-80.12698307131465, 38.49125897373904], [-80.12633613249481, 38.48916701276843], [-80.12500773080212, 38.48800180245959], [-80.12890983093664, 38.47956470114357], [-80.12414573979483, 38.478049700859486], [-80.12050782879547, 38.484675313728964], [-80.11988065830175, 38.48345413210531], [-80.11907113878853, 38.4828800719555], [-80.1221605797979, 38.47727049068489], [-80.11821378682593, 38.47287243667789], [-80.1953263178188, 38.42173800674045]]], [[[-80.12653472125804, 38.491183813607094], [-80.13026221315586, 38.49403445434308], [-80.1310057127839, 38.496110604042585], [-80.13071831387674, 38.49631368390662], [-80.1299761725014, 38.49387687337061], [-80.12673453173007, 38.4918061337056], [-80.1261631412256, 38.49070378350771], [-80.12600215055028, 38.48935423335935], [-80.12482972154373, 38.48838654250917], [-80.12486746156544, 38.488299773302764], [-80.12609246088074, 38.4893582327784], [-80.12653472125804, 38.491183813607094]]], [[[-80.14304020728666, 38.520008818401195], [-80.14330492822447, 38.518936198577414], [-80.14421138943158, 38.518247067971835], [-80.14443006901614, 38.520129008458376], [-80.14757102930538, 38.524367529290835], [-80.14409567923647, 38.52261866822174], [-80.14304020728666, 38.520008818401195]]], [[[-80.15861038450943, 38.53766427114236], [-80.1611173650751, 38.537422601690686], [-80.16116800580261, 38.538441491638345], [-80.15861038450943, 38.53766427114236]]]]}}, {"type": "Feature", "id": "sample-prk-02", "properties": {"name": "Kumbrabow State Forest", "acres": 9158, "managed_by": "WV Division of Natural Resources"}, "geometry": {"type": "Polygon", "coordinates": [[[-80.13876348093255, 38.6544296644865], [-80.13501892104436, 38.651522455078705], [-80.13338645130607, 38.65069386091457], [-80.11713672013045, 38.65380657815708], [-80.11347750558411, 38.65784797237123], [-80.09928512302162, 38.654743376109295], [-80.09095556282158, 38.6569444819995], [-80.08677618869146, 38.65820192148156], [-80.05025854500632, 38.68543587229], [-80.04175330487942, 38.68248319494525], [-80.04413025161278, 38.679346256620285], [-80.04333821151836, 38.67586664052092], [-80.04169766323074, 38.67429266333008], [-80.04320616096823, 38.673413231371065], [-80.04344733167254, 38.67215969966583], [-80.04706281623083, 38.66814104047026], [-80.04888473527265, 38.65937905422125], [-80.05864465325517, 38.663752366050176], [-80.07056404572225, 38.64468634099953], [-80.06648115604354, 38.63877530331772], [-80.07274873322186, 38.63652522722789], [-80.06878259129242, 38.63086159736397], [-80.06891391061392, 38.62532430526972], [-80.071751379576, 38.62219041943061], [-80.0706353009889, 38.619424142957726], [-80.06716362862278, 38.61839920481989], [-80.06313243249707, 38.615550964533085], [-80.03938434416895, 38.610911733046], [-80.05446680715934, 38.60460419885541], [-80.06516292058491, 38.61351375751203], [-80.07452670937491, 38.61688522194107], [-80.07798664884513, 38.61649005729785], [-80.07833639442627, 38.61252678440841], [-80.07357361302815, 38.61074092223878], [-80.09147722708347, 38.61054070289152], [-80.09601618065217, 38.611127264946475], [-80.0964214268465, 38.609816201165316], [-80.09388407154613, 38.60942114218523], [-80.09337080832877, 38.607422427521655], [-80.13218442011598, 38.61553075964699], [-80.13166305409474, 38.62281360591088], [-80.13621612378981, 38.62356298998657], [-80.13763692798926, 38.62482896537873], [-80.13197178529495, 38.63817543831519], [-80.1513925074398, 38.63978993188509], [-80.14840929490771, 38.655304086526435], [-80.13876348093255, 38.6544296644865]]]}}, {"type": "Feature", "id": "sample-prk-03", "properties": {"name": "Huttonsville State Farm Wildlife Management Area", "acres": 2794, "managed_by": "WV Division of Natural Resources"}, "geometry": {"type": "Polygon", "coordinates": [[[-79.99026889133101, 38.6984249416434], [-79.98642955019717, 38.70358433627184], [-79.98422543303629, 38.70533894341821], [-79.9835090616315, 38.706606403386324], [-79.98387106113142, 38.706698763907866], [-79.98231119682768, 38.708752704925296], [-79.97954233040723, 38.7080400936625], [-79.97926729411499, 38.70929713893475], [-79.97597084083996, 38.71091750640646], [-79.97558763031954, 38.709788253939955], [-79.97434325524189, 38.70982465494455], [-79.97301707957448, 38.71089168843954], [-79.97291590501897, 38.71239202335633], [-79.97106992460228, 38.71306390913541], [-79.96787484441043, 38.71316100600172], [-79.96740575674549, 38.71246874731629], [-79.96557147059717, 38.71176693909629], [-79.96388874730526, 38.71275051126447], [-79.9622095346295, 38.71292332687116], [-79.96196105343539, 38.71354669773591], [-79.95561628671963, 38.71065599391511], [-79.95789294553467, 38.70591890350884], [-79.93709564954003, 38.697999002771944], [-79.9409901876565, 38.69150355154231], [-79.94009163881039, 38.68878316028023], [-79.94308321735272, 38.686520259192285], [-79.94572413762559, 38.681553900036825], [-79.96462852790803, 38.68904988820646], [-79.96775342182842, 38.6882016847936], [-79.97423119130852, 38.689727564845974], [-79.97411818324578, 38.68450124154155], [-79.97324828975891, 38.68256378819984], [-79.97720815426116, 38.67975273618635], [-79.97873673743008, 38.679144479185915], [-79.97935748317288, 38.679642018032496], [-79.98058144223909, 38.679549061552], [-79.98556215941672, 38.68251905025579], [-79.98855377568829, 38.68596375995454], [-79.9905939952256, 38.68657705113951], [-79.99367669976864, 38.685904324657365], [-79.99440189532449, 38.68604005858901], [-79.99510249680445, 38.687038251942845], [-79.9949193401995, 38.68782716937596], [-79.9954083012935, 38.688043502870144], [-79.99408194686131, 38.68987270615946], [-79.9958259837646, 38.690726940101214], [-79.99584438754984, 38.691170555729784], [-79.99276789575529, 38.696542540453784], [-79.99026889133101, 38.6984249416434]]]}}, {"type": "Feature", "id": "sample-prk-04", "properties": {"name": "Becky Creek Wildlife Management Area", "acres": 1904, "managed_by": "WV Division of Natural Resources"}, "geometry": {"type": "Polygon", "coordinates": [[[-79.96652874321168, 38.60563325474307], [-79.96655239046324, 38.60274116178945], [-79.96153388475484, 38.603956643850275], [-79.96245229265692, 38.602873784714404], [-79.95099432702206, 38.59984023278109], [-79.94894682035117, 38.603172373716596], [-79.94018850324917, 38.59961940226279], [-79.93779873037018, 38.59563916091063], [-79.94014582069677, 38.58566079069933], [-79.94660510105167, 38.58162297825923], [-79.95020770287047, 38.58088849793289], [-79.96162704723635, 38.57473228761102], [-79.96186464623908, 38.575365746463284], [-79.96440255759664, 38.57721295823593], [-79.96644107752142, 38.58302442836389], [-79.97486804025108, 38.584155588405494], [-79.97476165097537, 38.58911076822444], [-79.97059885076222, 38.58905139018444], [-79.97356713059935, 38.593992810611475], [-79.97559707071487, 38.59477015019453], [-79.97971615261807, 38.59291733911784], [-79.98155781393486, 38.59276654933444], [-79.98147106452619, 38.59352737019554], [-79.97635603394222, 38.602825762066885], [-79.97747387322727, 38.60346307149758], [-79.96652874321168, 38.60563325474307]]]}}, {"type": "Feature", "id": "sample-prk-05", "properties": {"name": "Sinks of Gandy", "acres": 415, "managed_by": "The Nature Conservancy"}, "geometry": {"type": "Polygon", "coordinates": [[[-79.67811719846593, 38.70274174391121], [-79.6780603970922, 38.69902804374535], [-79.68131569944237, 38.70150564386738], [-79.68303750124575, 38.70191124391553], [-79.68819350129489, 38.70061404281005], [-79.68970120312505, 38.70161744216892], [-79.68977660232011, 38.699649042739466], [-79.69343250208303, 38.699702842590675], [-79.68950200260909, 38.71248164550188], [-79.67558039832439, 38.7101319447445], [-79.67570289798643, 38.70954314513512], [-79.67263139723158, 38.70266994417815], [-79.67811719846593, 38.70274174391121]]]}}, {"type": "Feature", "id": "sample-prk-06", "properties": {"name": "Thunderstruck Rock", "acres": 266, "managed_by": "The Nature Conservancy"}, "geometry": {"type": "MultiPolygon", "coordinates": [[[[-79.47875155061891, 38.92334889605001], [-79.47885855254566, 38.92389499494436], [-79.4771226516839, 38.925775895605796], [-79.47763435093435, 38.92658329714972], [-79.4759267505973, 38.92518509676316], [-79.47713295176696, 38.92378399575054], [-79.47875155061891, 38.92334889605001]]], [[[-79.497446758306, 38.940173998707486], [-79.49690445794539, 38.939136498111615], [-79.49604215881595, 38.93857729802397], [-79.49599835875932, 38.93711359782659], [-79.49444625679796, 38.93658359781803], [-79.49447285681183, 38.935302797664505], [-79.49414315713625, 38.934960797838464], [-79.49356515772625, 38.934590995922676], [-79.49172805625783, 38.934827897811076], [-79.49156595616313, 38.9327693980118], [-79.48943895577612, 38.93167659751622], [-79.48775895527784, 38.93133469690318], [-79.48686715457616, 38.931551097185256], [-79.48695285475257, 38.930974297338146], [-79.48621685426052, 38.93081519726548], [-79.48653005368095, 38.93004519748599], [-79.49386915749987, 38.930760096531245], [-79.50065725897802, 38.9346240972075], [-79.50414625984598, 38.93725599784297], [-79.50301885979135, 38.93955829800013], [-79.50142295957, 38.94030249801772], [-79.499895159732, 38.94049269870457], [-79.49969495849284, 38.94084519854807], [-79.49932185851094, 38.94061109761817], [-79.49711015777241, 38.941008698915226], [-79.497446758306, 38.940173998707486]]], [[[-79.4939145565577, 38.930685697544206], [-79.48658625408177, 38.9299667970472], [-79.48835655413072, 38.92745649555016], [-79.49091515458755, 38.92643579508386], [-79.49466565593306, 38.92610919500419], [-79.49543295822119, 38.92658169609369], [-79.49649875720351, 38.92857169625575], [-79.49655875747797, 38.93212999710111], [-79.4939145565577, 38.930685697544206]]], [[[-79.50220605963072, 38.93536339690142], [-79.50453226053368, 38.936467796415364], [-79.50418445980513, 38.93717799736893], [-79.50183555847494, 38.93550229685961], [-79.50220605963072, 38.93536339690142]]]]}}, {"type": "Feature", "id": "sample-prk-07", "properties": {"name": "Fox Forest Wildlife Management Area", "acres": 123, "managed_by": "WV Division of Natural Resources"}, "geometry": {"type": "Polygon", "coordinates": [[[-79.85825135697766, 38.89662136226792], [-79.86173305993226, 38.89707807184696], [-79.86041140189239, 38.90298981823309], [-79.86162801004461, 38.90280470416108], [-79.86584293320549, 38.904412492589515], [-79.86601430391391, 38.904615556488146], [-79.86511351736443, 38.904947694177], [-79.8657007766084, 38.90544631023873], [-79.86502920149188, 38.90840300140018], [-79.86239951554998, 38.90789864470043], [-79.85966914373607, 38.90795184505326], [-79.85840882535875, 38.90528710328744], [-79.85791613625634, 38.905360140584975], [-79.85825135697766, 38.89662136226792]]]}}, {"type": "Feature", "id": "sample-prk-08", "properties": {"name": "Upper Shavers Fork Preserve", "acres": 95, "managed_by": "The Nature Conservancy"}, "geometry": {"type": "MultiPolygon", "coordinates": [[[[-79.88034616250069, 38.60379765034739], [-79.88020201254197, 38.60485845191055], [-79.87898658297942, 38.6061574246236], [-79.8761468367881, 38.60745281689575], [-79.8750955563774, 38.610989775253], [-79.87467171236172, 38.61163499110634], [-79.87401585416943, 38.61143629816567], [-79.8758088250012, 38.60750969050005], [-79.88034616250069, 38.60379765034739]]], [[[-79.88188274067564, 38.597873055150785], [-79.88276891702532, 38.59836149451639], [-79.8830883552454, 38.597806111094016], [-79.88321187808855, 38.59677306606789], [-79.8818173343398, 38.59622391824305], [-79.88245550829743, 38.59613100095338], [-79.8839910417317, 38.59729033885485], [-79.88551259917679, 38.59728954480429], [-79.88575009217834, 38.59851296969939], [-79.88678977264378, 38.59926643245736], [-79.88608990059579, 38.600246269100744], [-79.88512134154804, 38.59913369545111], [-79.88382491808284, 38.6003604959536], [-79.88321884272695, 38.60031330495621], [-79.88294403730175, 38.60078818528688], [-79.88246802991416, 38.60061860282992], [-79.88213398598587, 38.601010407868394], [-79.88247928670299, 38.60147303233349], [-79.8801864797724, 38.60384836246283], [-79.87971750709181, 38.60029280091832], [-79.88188274067564, 38.597873055150785]]], [[[-79.88764805810052, 38.59827342145948], [-79.88845063004335, 38.59764815356719], [-79.89040587434468, 38.5977284771968], [-79.8930831683017, 38.59970298824085], [-79.8948912344235, 38.60047663008673], [-79.89605020487045, 38.60051840749479], [-79.89619132121845, 38.60099413383323], [-79.89135181920346, 38.59976980064848], [-79.8899082741526, 38.59880263957661], [-79.8889717337565, 38.59877731333356], [-79.88746718770795, 38.601357871433905], [-79.8860797496331, 38.602498302859814], [-79.88440839721608, 38.60351374664253], [-79.88326944662352, 38.602874297191725], [-79.88490895556038, 38.60207132083472], [-79.88544844509246, 38.60109766530536], [-79.8869225634057, 38.60011103881839], [-79.88764805810052, 38.59827342145948]]]]}}, {"type": "Feature", "id": "sample-prk-09", "properties": {"name": "High Mountain", "acres": 74, "managed_by": "The Nature Conservancy"}, "geometry": {"type": "Polygon", "coordinates": [[[-79.47453905111269, 38.91727429442073], [-79.48298475269918, 38.918902995360796], [-79.48315835212784, 38.91962879513668], [-79.4856895530702, 38.921557795772614], [-79.48221395237132, 38.92259809537227], [-79.47953745162668, 38.92195869572807], [-79.47711085051601, 38.92032149492074], [-79.47582315059053, 38.92010359546649], [-79.47399515085255, 38.91912369487846], [-79.47453905111269, 38.91727429442073]]]}}, {"type": "Feature", "id": "sample-prk-10", "properties": {"name": "Glendale Park", "acres": 35, "managed_by": "Elkins Parks and Recreation"}, "geometry": {"type": "Polygon", "coordinates": [[[-79.8618822611178, 38.924349101204776], [-79.86285912419204, 38.92316869787476], [-79.86163031332501, 38.922702176769846], [-79.86074923940613, 38.92397435465592], [-79.85866836032243, 38.923301992949284], [-79.85995888994105, 38.922118812980536], [-79.86134733502736, 38.919619547799414], [-79.86325969016374, 38.919621962549], [-79.8639973588273, 38.920237742677514], [-79.86318221855534, 38.92297647358984], [-79.86368048439903, 38.92406071766289], [-79.8635208690444, 38.924750340411066], [-79.8618822611178, 38.924349101204776]]]}}, {"type": "Feature", "id": "sample-prk-11", "properties": {"name": "Valley Bend Wetlands Wildlife Management Area", "acres": 32, "managed_by": "WV Division of Natural Resources"}, "geometry": {"type": "Polygon", "coordinates": [[[-79.93784332543584, 38.766414833164916], [-79.9390194941289, 38.76530017582521], [-79.93887304538141, 38.76465795596126], [-79.93929740682668, 38.76441003049788], [-79.94058882308249, 38.7657485804611], [-79.94450105801005, 38.76660473736668], [-79.9397779704694, 38.76883330327831], [-79.93784332543584, 38.766414833164916]]]}}, {"type": "Feature", "id": "sample-prk-12", "properties": {"name": "Mt Porte Crayon Preserve", "acres": 27, "managed_by": "The Nature Conservancy"}, "geometry": {"type": "Polygon", "coordinates": [[[-79.45264598626105, 38.915310786946236], [-79.45903904399171, 38.91829699492567], [-79.4593890455927, 38.91957469564559], [-79.45610404290125, 38.920953051263915], [-79.45522978294517, 38.91768546843937], [-79.45264598626105, 38.915310786946236]]]}}, {"type": "Feature", "id": "sample-prk-13", "properties": {"name": "River Bend Park", "acres": 16, "managed_by": "Elkins Parks and Recreation"}, "geometry": {"type": "Polygon", "coordinates": [[[-79.86453895580705, 38.92059931923152], [-79.8659441787279, 38.921192457037264], [-79.86652237486894, 38.920298934179996], [-79.86782555366507, 38.920866405919334], [-79.86437147210883, 38.923928026441565], [-79.86393651054323, 38.92333597799203], [-79.86453895580705, 38.92059931923152]]]}}, {"type": "Feature", "id": "sample-prk-14", "properties": {"name": "Slatyfork Wildlife Management Area", "acres": 14, "managed_by": "WV Division of Natural Resources"}, "geometry": {"type": "Polygon", "coordinates": [[[-80.11618484660669, 38.473752403900676], [-80.11609159317945, 38.4756147256663], [-80.11536914377342, 38.478953145221716], [-80.11456824898525, 38.47748040366771], [-80.11458597723737, 38.475112655413994], [-80.11502374154668, 38.4741503355916], [-80.1147011110929, 38.47346972442329], [-80.11618484660669, 38.473752403900676]]]}}, {"type": "Feature", "id": "sample-prk-15", "properties": {"name": "Elkins City Park", "acres": 8, "managed_by": "Elkins Parks and Recreation"}, "geometry": {"type": "Polygon", "coordinates": [[[-79.84607700556494, 38.92639077951537], [-79.84749117301108, 38.92778182942909], [-79.8452094818338, 38.92861148392139], [-79.84486468956317, 38.926712871449695], [-79.84607700556494, 38.92639077951537]]]}}, {"type": "Feature", "id": "sample-prk-16", "properties": {"name": "Bluegrass Park", "acres": 4, "managed_by": "Elkins Parks and Recreation"}, "geometry": {"type": "Polygon", "coordinates": [[[-79.8647452808615, 38.92890644166102], [-79.86582667280052, 38.92922952358198], [-79.86528503270164, 38.93043063377799], [-79.86408803117881, 38.93021876605385], [-79.8647452808615, 38.92890644166102]]]}}, {"type": "Feature", "id": "sample-prk-17", "properties": {"name": "Veterans Memorial Park", "acres": 2, "managed_by": "Local government"}, "geometry": {"type": "Polygon", "coordinates": [[[-79.8516332365142, 38.92868398288181], [-79.85199729495277, 38.929533450162964], [-79.85092296736514, 38.92950489650074], [-79.85079447683847, 38.92870182877914], [-79.8516332365142, 38.92868398288181]]]}}]}